time,position_x,position_y,position_z,orientation_x,orientation_y,orientation_z,orientation_w
2024/11/28 14:14:36.40542434,0.0,0.0,0.0,0.0,0.0,-5.293955920339377e-23,0.0
2024/11/28 14:14:36.50870272,0.0,0.0,0.0,0.0,0.0,5.293955920339377e-23,0.0
2024/11/28 14:14:36.61573196,0.0,0.0,0.0,0.0,0.0,1.0587911840678754e-22,0.0
2024/11/28 14:14:36.70678014,0.0,0.0,0.0,0.0,0.0,0.0,0.0
2024/11/28 14:14:36.80792828,0.0,0.0,0.0,0.0,0.0,2.6469779601696886e-22,0.0
2024/11/28 14:14:36.90546285,0.0,0.0,0.0,0.0,0.0,-1.0587911840678754e-22,0.0
2024/11/28 14:14:36.103511887,0.0,0.0,0.0,0.0,0.0,0.0,0.0
2024/11/28 14:14:36.110643792,0.0,0.0,0.0,0.0,0.0,-2.117582368135751e-22,0.0
2024/11/28 14:14:36.121349894,0.0,0.0,0.0,0.0,0.0,1.5881867761018131e-22,0.0
2024/11/28 14:14:36.131377877,0.0,0.0,0.0,0.0,0.0,-5.293955920339377e-23,0.0
2024/11/28 14:14:36.140734745,0.0,0.0,0.0,0.0,0.0,1.0587911840678754e-22,0.0
2024/11/28 14:14:36.150772864,0.0,0.0,0.0,0.0,0.0,2.117582368135751e-22,0.0
2024/11/28 14:14:36.162120561,0.0,0.0,0.0,0.0,0.0,1.0587911840678754e-22,0.0
2024/11/28 14:14:36.171052980,0.0,0.0,0.0,0.0,0.0,-4.235164736271502e-22,0.0
2024/11/28 14:14:36.181253216,0.0,0.0,0.0,0.0,0.0,0.0,0.0
2024/11/28 14:14:36.191100128,0.0,0.0,0.0,0.0,0.0,4.235164736271502e-22,0.0
2024/11/28 14:14:36.200489344,0.0,0.0,0.0,0.0,0.0,-1.5881867761018131e-22,0.0
2024/11/28 14:14:36.210680676,0.0,0.0,0.0,0.0,0.0,5.293955920339377e-23,0.0
2024/11/28 14:14:36.220459746,0.0,0.0,0.0,0.0,0.0,2.117582368135751e-22,0.0
2024/11/28 14:14:36.234445092,0.0,0.0,0.0,0.0,0.0,2.6469779601696886e-22,0.0
2024/11/28 14:14:36.240402371,0.0,0.0,0.0,0.0,0.0,-3.1763735522036263e-22,0.0
2024/11/28 14:14:36.250898490,0.0,0.0,0.0,0.0,0.0,5.293955920339377e-23,0.0
2024/11/28 14:14:36.261671345,0.0,0.0,0.0,0.0,0.0,-2.6469779601696886e-22,0.0
2024/11/28 14:14:36.270822559,0.0,0.0,0.0,0.0,0.0,-1.5881867761018131e-22,0.0
2024/11/28 14:14:36.281836060,0.0,0.0,0.0,0.0,0.0,1.5881867761018131e-22,0.0
2024/11/28 14:14:36.290384397,0.0,0.0,0.0,0.0,0.0,-1.0587911840678754e-22,0.0
2024/11/28 14:14:36.301088237,0.0,0.0,0.0,0.0,0.0,5.293955920339377e-23,0.0
2024/11/28 14:14:36.311646858,0.0,0.0,0.0,0.0,0.0,-1.5881867761018131e-22,0.0
2024/11/28 14:14:36.320345682,0.0,0.0,0.0,0.0,0.0,-5.293955920339377e-23,0.0
2024/11/28 14:14:36.330640839,0.0,0.0,0.0,0.0,0.0,0.0,0.0
2024/11/28 14:14:36.340594595,0.0,0.0,0.0,0.0,0.0,-1.5881867761018131e-22,0.0
2024/11/28 14:14:36.350976394,0.0,0.0,0.0,0.0,0.0,0.0,0.0
2024/11/28 14:14:36.360858441,0.0,0.0,0.0,0.0,0.0,2.6469779601696886e-22,0.0
2024/11/28 14:14:36.370592473,0.0,0.0,0.0,0.0,0.0,1.0587911840678754e-22,0.0
2024/11/28 14:14:36.380997578,0.0,0.0,0.0,0.0,0.0,-1.5881867761018131e-22,0.0
2024/11/28 14:14:36.390714205,0.0,0.0,0.0,0.0,0.0,-5.293955920339377e-23,0.0
2024/11/28 14:14:36.401685253,0.0,0.0,0.0,0.0,0.0,-5.293955920339377e-23,0.0
2024/11/28 14:14:36.415108621,0.0,0.0,0.0,0.0,0.0,2.117582368135751e-22,0.0
2024/11/28 14:14:36.420580026,0.0,0.0,0.0,0.0,0.0,-2.117582368135751e-22,0.0
2024/11/28 14:14:36.430627123,0.0,0.0,0.0,0.0,0.0,2.6469779601696886e-22,0.0
2024/11/28 14:14:36.440670299,0.0,0.0,0.0,0.0,0.0,-2.117582368135751e-22,0.0
2024/11/28 14:14:36.450844454,0.0,0.0,0.0,0.0,0.0,0.0,0.0
2024/11/28 14:14:36.460753507,0.0,0.0,0.0,0.0,0.0,-1.5881867761018131e-22,0.0
2024/11/28 14:14:36.470570917,0.0,0.0,0.0,0.0,0.0,1.0587911840678754e-22,0.0
2024/11/28 14:14:36.481051813,0.0,0.0,0.0,0.0,0.0,2.6469779601696886e-22,0.0
2024/11/28 14:14:36.490273138,0.0,0.0,0.0,0.0,0.0,2.117582368135751e-22,0.0
2024/11/28 14:14:36.500841179,0.0,0.0,0.0,0.0,0.0,1.0587911840678754e-22,0.0
2024/11/28 14:14:36.511290741,0.0,0.0,0.0,0.0,0.0,-1.0587911840678754e-22,0.0
2024/11/28 14:14:36.520576253,0.0,0.0,0.0,0.0,0.0,-1.0587911840678754e-22,0.0
2024/11/28 14:14:36.532181896,0.0,0.0,0.0,0.0,0.0,-2.117582368135751e-22,0.0
2024/11/28 14:14:36.540714145,0.0,0.0,0.0,0.0,0.0,3.1763735522036263e-22,0.0
2024/11/28 14:14:36.551176969,0.0,0.0,0.0,0.0,0.0,-5.293955920339377e-23,0.0
2024/11/28 14:14:36.561477507,0.0,0.0,0.0,0.0,0.0,1.0587911840678754e-22,0.0
2024/11/28 14:14:36.570593612,0.0,0.0,0.0,0.0,0.0,0.0,0.0
2024/11/28 14:14:36.580519499,0.0,0.0,0.0,0.0,0.0,-4.764560328305439e-22,0.0
2024/11/28 14:14:36.590579766,0.0,0.0,0.0,0.0,0.0,1.0587911840678754e-22,0.0
2024/11/28 14:14:36.607480680,0.0,0.0,0.0,0.0,0.0,-5.293955920339377e-23,0.0
2024/11/28 14:14:36.610912271,0.0,0.0,0.0,0.0,0.0,-5.293955920339377e-23,0.0
2024/11/28 14:14:36.620373836,0.0,0.0,0.0,0.0,0.0,-1.5881867761018131e-22,0.0
2024/11/28 14:14:36.632013432,0.0,0.0,0.0,0.0,0.0,1.5881867761018131e-22,0.0
2024/11/28 14:14:36.646189166,0.0,0.0,0.0,0.0,0.0,5.293955920339377e-23,0.0
2024/11/28 14:14:36.654024774,0.0,0.0,0.0,0.0,0.0,0.0,0.0
2024/11/28 14:14:36.663404314,0.0,0.0,0.0,0.0,0.0,-1.5881867761018131e-22,0.0
2024/11/28 14:14:36.672126534,0.0,0.0,0.0,0.0,0.0,1.5881867761018131e-22,0.0
2024/11/28 14:14:36.681251716,0.0,0.0,0.0,0.0,0.0,-5.293955920339377e-23,0.0
2024/11/28 14:14:36.690584744,0.0,0.0,0.0,0.0,0.0,0.0,0.0
2024/11/28 14:14:36.700621705,0.0,0.0,0.0,0.0,0.0,2.6469779601696886e-22,0.0
2024/11/28 14:14:36.710901859,0.0,0.0,0.0,0.0,0.0,5.293955920339377e-23,0.0
2024/11/28 14:14:36.721041284,0.0,0.0,0.0,0.0,0.0,-1.5881867761018131e-22,0.0
2024/11/28 14:14:36.730506093,0.0,0.0,0.0,0.0,0.0,5.293955920339377e-23,0.0
2024/11/28 14:14:36.742069197,0.0,0.0,0.0,0.0,0.0,-2.117582368135751e-22,0.0
2024/11/28 14:14:36.750535139,0.0,0.0,0.0,0.0,0.0,-1.0587911840678754e-22,0.0
2024/11/28 14:14:36.761126879,0.0,0.0,0.0,0.0,0.0,0.0,0.0
2024/11/28 14:14:36.770810348,0.0,0.0,0.0,0.0,0.0,5.293955920339377e-23,0.0
2024/11/28 14:14:36.781609885,0.0,0.0,0.0,0.0,0.0,1.5881867761018131e-22,0.0
2024/11/28 14:14:36.790572885,0.0,0.0,0.0,0.0,0.0,-1.0587911840678754e-22,0.0
2024/11/28 14:14:36.800610645,0.0,0.0,0.0,0.0,0.0,2.117582368135751e-22,0.0
2024/11/28 14:14:36.810293795,0.0,0.0,0.0,0.0,0.0,-2.6469779601696886e-22,0.0
2024/11/28 14:14:36.820732865,0.0,0.0,0.0,0.0,0.0,0.0,0.0
2024/11/28 14:14:36.830889693,0.0,0.0,0.0,0.0,0.0,5.293955920339377e-23,0.0
2024/11/28 14:14:36.840660898,0.0,0.0,0.0,0.0,0.0,1.5881867761018131e-22,0.0
2024/11/28 14:14:36.851015588,0.0,0.0,0.0,0.0,0.0,-1.5881867761018131e-22,0.0
2024/11/28 14:14:36.861510027,0.0,0.0,0.0,0.0,0.0,4.235164736271502e-22,0.0
2024/11/28 14:14:36.870901692,0.0,0.0,0.0,0.0,0.0,5.293955920339377e-23,0.0
2024/11/28 14:14:36.884653272,0.0,0.0,0.0,0.0,0.0,-3.705769144237564e-22,0.0
2024/11/28 14:14:36.891364675,0.0,0.0,0.0,0.0,0.0,0.0,0.0
2024/11/28 14:14:36.902161100,0.0,0.0,0.0,0.0,0.0,-1.0587911840678754e-22,0.0
2024/11/28 14:14:36.910738972,0.0,0.0,0.0,0.0,0.0,1.0587911840678754e-22,0.0
2024/11/28 14:14:36.920774975,0.0,0.0,0.0,0.0,0.0,-1.5881867761018131e-22,0.0
2024/11/28 14:14:36.932882283,0.0,0.0,0.0,0.0,0.0,4.764560328305439e-22,0.0
2024/11/28 14:14:36.940425306,0.0,0.0,0.0,0.0,0.0,0.0,0.0
2024/11/28 14:14:36.951276521,0.0,0.0,0.0,0.0,0.0,0.0,0.0
2024/11/28 14:14:36.962755658,0.0,0.0,0.0,0.0,0.0,-3.705769144237564e-22,0.0
2024/11/28 14:14:36.970739678,0.0,0.0,0.0,0.0,0.0,-1.5881867761018131e-22,0.0
2024/11/28 14:14:36.980736191,0.0,0.0,0.0,0.0,0.0,3.1763735522036263e-22,0.0
2024/11/28 14:14:36.990554809,0.0,0.0,0.0,0.0,0.0,-1.0587911840678754e-22,0.0
2024/11/28 14:14:37.5159261,0.0,0.0,0.0,0.0,0.0,-5.293955920339377e-23,0.0
2024/11/28 14:14:37.15148222,0.0,0.0,0.0,0.0,0.0,-5.293955920339377e-23,0.0
2024/11/28 14:14:37.20605220,0.0,0.0,0.0,0.0,0.0,-5.293955920339377e-23,0.0
2024/11/28 14:14:37.31428051,0.0,0.0,0.0,0.0,0.0,1.5881867761018131e-22,0.0
2024/11/28 14:14:37.40527704,0.0,0.0,0.0,0.0,0.0,-5.293955920339377e-23,0.0
2024/11/28 14:14:37.51641996,0.0,0.0,0.0,0.0,0.0,0.0,0.0
2024/11/28 14:14:37.60876220,0.0,0.0,0.0,0.0,0.0,-2.6469779601696886e-22,0.0
2024/11/28 14:14:37.70668669,0.0,0.0,0.0,0.0,0.0,1.5881867761018131e-22,0.0
2024/11/28 14:14:37.83200253,0.0,0.0,0.0,0.0,0.0,-1.0587911840678754e-22,0.0
2024/11/28 14:14:37.90873503,0.0,0.0,0.0,0.0,0.0,5.293955920339377e-23,0.0
2024/11/28 14:14:37.100667567,0.0,0.0,0.0,0.0,0.0,-5.293955920339377e-23,0.0
2024/11/28 14:14:37.110883069,0.0,0.0,0.0,0.0,0.0,1.5881867761018131e-22,0.0
2024/11/28 14:14:37.120631088,0.0,0.0,0.0,0.0,0.0,-1.0587911840678754e-22,0.0
2024/11/28 14:14:37.130966055,0.0,0.0,0.0,0.0,0.0,-1.5881867761018131e-22,0.0
2024/11/28 14:14:37.140481577,0.0,0.0,0.0,0.0,0.0,5.293955920339377e-23,0.0
2024/11/28 14:14:37.150573064,0.0,0.0,0.0,0.0,0.0,3.1763735522036263e-22,0.0
2024/11/28 14:14:37.160781529,0.0,0.0,0.0,0.0,0.0,-1.0587911840678754e-22,0.0
2024/11/28 14:14:37.170744233,0.0,0.0,0.0,0.0,0.0,0.0,0.0
2024/11/28 14:14:37.180881950,0.0,0.0,0.0,0.0,0.0,3.1763735522036263e-22,0.0
2024/11/28 14:14:37.190909412,0.0,0.0,0.0,0.0,0.0,1.5881867761018131e-22,0.0
2024/11/28 14:14:37.201156691,0.0,0.0,0.0,0.0,0.0,1.0587911840678754e-22,0.0
2024/11/28 14:14:37.211958905,0.0,0.0,0.0,0.0,0.0,-2.117582368135751e-22,0.0
2024/11/28 14:14:37.220670683,0.0,0.0,0.0,0.0,0.0,-2.117582368135751e-22,0.0
2024/11/28 14:14:37.233749768,0.0,0.0,0.0,0.0,0.0,-1.0587911840678754e-22,0.0
2024/11/28 14:14:37.240717608,0.0,0.0,0.0,0.0,0.0,1.5881867761018131e-22,0.0
2024/11/28 14:14:37.250673826,0.0,0.0,0.0,0.0,0.0,0.0,0.0
2024/11/28 14:14:37.260619241,0.0,0.0,0.0,0.0,0.0,-1.0587911840678754e-22,0.0
2024/11/28 14:14:37.270576028,0.0,0.0,0.0,0.0,0.0,1.0587911840678754e-22,0.0
2024/11/28 14:14:37.280691425,0.0,0.0,0.0,0.0,0.0,0.0,0.0
2024/11/28 14:14:37.290290873,0.0,0.0,0.0,0.0,0.0,-1.0587911840678754e-22,0.0
2024/11/28 14:14:37.300565272,0.0,0.0,0.0,0.0,0.0,1.0587911840678754e-22,0.0
2024/11/28 14:14:37.311227977,0.0,0.0,0.0,0.0,0.0,1.5881867761018131e-22,0.0
2024/11/28 14:14:37.320493852,0.0,0.0,0.0,0.0,0.0,-1.5881867761018131e-22,0.0
2024/11/28 14:14:37.330883543,0.0,0.0,0.0,0.0,0.0,-1.0587911840678754e-22,0.0
2024/11/28 14:14:37.340793051,0.0,0.0,0.0,0.0,0.0,-1.0587911840678754e-22,0.0
2024/11/28 14:14:37.350578708,0.0,0.0,0.0,0.0,0.0,0.0,0.0
2024/11/28 14:14:37.361395587,0.0,0.0,0.0,0.0,0.0,3.1763735522036263e-22,0.0
2024/11/28 14:14:37.371023072,0.0,0.0,0.0,0.0,0.0,-1.5881867761018131e-22,0.0
2024/11/28 14:14:37.382833757,0.0,0.0,0.0,0.0,0.0,-1.5881867761018131e-22,0.0
2024/11/28 14:14:37.390550556,0.0,0.0,0.0,0.0,0.0,3.705769144237564e-22,0.0
2024/11/28 14:14:37.400704056,0.0,0.0,0.0,0.0,0.0,-2.117582368135751e-22,0.0
2024/11/28 14:14:37.411267939,0.0,0.0,0.0,0.0,0.0,5.293955920339377e-23,0.0
2024/11/28 14:14:37.420403963,0.0,0.0,0.0,0.0,0.0,-2.6469779601696886e-22,0.0
2024/11/28 14:14:37.431264767,0.0,0.0,0.0,0.0,0.0,5.293955920339377e-23,0.0
2024/11/28 14:14:37.440579589,0.0,0.0,0.0,0.0,0.0,-3.1763735522036263e-22,0.0
2024/11/28 14:14:37.451037344,0.0,0.0,0.0,0.0,0.0,-5.293955920339377e-23,0.0
2024/11/28 14:14:37.461552028,0.0,0.0,0.0,0.0,0.0,1.0587911840678754e-22,0.0
2024/11/28 14:14:37.470442742,0.0,0.0,0.0,0.0,0.0,0.0,0.0
2024/11/28 14:14:37.480720458,0.0,0.0,0.0,0.0,0.0,2.117582368135751e-22,0.0
2024/11/28 14:14:37.490726625,0.0,0.0,0.0,0.0,0.0,5.293955920339377e-23,0.0
2024/11/28 14:14:37.500673509,0.0,0.0,0.0,0.0,0.0,1.0587911840678754e-22,0.0
2024/11/28 14:14:37.510734954,0.0,0.0,0.0,0.0,0.0,0.0,0.0
2024/11/28 14:14:37.520542048,0.0,0.0,0.0,0.0,0.0,0.0,0.0
2024/11/28 14:14:37.531338286,0.0,0.0,0.0,0.0,0.0,5.293955920339377e-23,0.0
2024/11/28 14:14:37.540548058,0.0,0.0,0.0,0.0,0.0,-5.293955920339377e-23,0.0
2024/11/28 14:14:37.550776490,0.0,0.0,0.0,0.0,0.0,0.0,0.0
2024/11/28 14:14:37.560861740,0.0,0.0,0.0,0.0,0.0,1.0587911840678754e-22,0.0
2024/11/28 14:14:37.570426121,0.0,0.0,0.0,0.0,0.0,-1.0587911840678754e-22,0.0
2024/11/28 14:14:37.580283897,0.0,0.0,0.0,0.0,0.0,5.293955920339377e-23,0.0
2024/11/28 14:14:37.591281785,0.0,0.0,0.0,0.0,0.0,-5.293955920339377e-23,0.0
2024/11/28 14:14:37.600443990,0.0,0.0,0.0,0.0,0.0,-5.293955920339377e-23,0.0
2024/11/28 14:14:37.616664426,0.0,0.0,0.0,0.0,0.0,-5.293955920339377e-23,0.0
2024/11/28 14:14:37.620838656,0.0,0.0,0.0,0.0,0.0,1.5881867761018131e-22,0.0
2024/11/28 14:14:37.630474787,0.0,0.0,0.0,0.0,0.0,-1.0587911840678754e-22,0.0
2024/11/28 14:14:37.640288346,0.0,0.0,0.0,0.0,0.0,-5.293955920339377e-23,0.0
2024/11/28 14:14:37.653016538,0.0,0.0,0.0,0.0,0.0,0.0,0.0
2024/11/28 14:14:37.661149673,0.0,0.0,0.0,0.0,0.0,0.0,0.0
2024/11/28 14:14:37.670819554,0.0,0.0,0.0,0.0,0.0,-5.293955920339377e-23,0.0
2024/11/28 14:14:37.681306865,0.0,0.0,0.0,0.0,0.0,1.5881867761018131e-22,0.0
2024/11/28 14:14:37.690243048,0.0,0.0,0.0,0.0,0.0,-1.5881867761018131e-22,0.0
2024/11/28 14:14:37.700658786,0.0,0.0,0.0,0.0,0.0,1.0587911840678754e-22,0.0
2024/11/28 14:14:37.710483882,0.0,0.0,0.0,0.0,0.0,5.293955920339377e-23,0.0
2024/11/28 14:14:37.720681875,0.0,0.0,0.0,0.0,0.0,0.0,0.0
2024/11/28 14:14:37.731340433,0.0,0.0,0.0,0.0,0.0,2.6469779601696886e-22,0.0
2024/11/28 14:14:37.740823917,0.0,0.0,0.0,0.0,0.0,-2.117582368135751e-22,0.0
2024/11/28 14:14:37.750958760,0.0,0.0,0.0,0.0,0.0,2.6469779601696886e-22,0.0
2024/11/28 14:14:37.761570768,0.0,0.0,0.0,0.0,0.0,1.0587911840678754e-22,0.0
2024/11/28 14:14:37.770976537,0.0,0.0,0.0,0.0,0.0,2.117582368135751e-22,0.0
2024/11/28 14:14:37.783322750,0.0,0.0,0.0,0.0,0.0,-1.5881867761018131e-22,0.0
2024/11/28 14:14:37.790358013,0.0,0.0,0.0,0.0,0.0,-5.293955920339377e-23,0.0
2024/11/28 14:14:37.800635593,0.0,0.0,0.0,0.0,0.0,-1.0587911840678754e-22,0.0
2024/11/28 14:14:37.812302802,0.0,0.0,0.0,0.0,0.0,1.0587911840678754e-22,0.0
2024/11/28 14:14:37.823312572,0.0,0.0,0.0,0.0,0.0,5.293955920339377e-23,0.0
2024/11/28 14:14:37.831203551,0.0,0.0,0.0,0.0,0.0,0.0,0.0
2024/11/28 14:14:37.841055382,0.0,0.0,0.0,0.0,0.0,-5.293955920339377e-23,0.0
2024/11/28 14:14:37.852637092,0.0,0.0,0.0,0.0,0.0,-5.293955920339377e-23,0.0
2024/11/28 14:14:37.860750615,0.0,0.0,0.0,0.0,0.0,-1.5881867761018131e-22,0.0
2024/11/28 14:14:37.870385499,0.0,0.0,0.0,0.0,0.0,-1.5881867761018131e-22,0.0
2024/11/28 14:14:37.882200191,0.0,0.0,0.0,0.0,0.0,1.0587911840678754e-22,0.0
2024/11/28 14:14:37.890667474,0.0,0.0,0.0,0.0,0.0,-1.5881867761018131e-22,0.0
2024/11/28 14:14:37.900682912,0.0,0.0,0.0,0.0,0.0,-5.293955920339377e-23,0.0
2024/11/28 14:14:37.911654217,0.0,0.0,0.0,0.0,0.0,5.293955920339377e-23,0.0
2024/11/28 14:14:37.920622816,0.0,0.0,0.0,0.0,0.0,5.293955920339377e-23,0.0
2024/11/28 14:14:37.931811551,0.0,0.0,0.0,0.0,0.0,0.0,0.0
2024/11/28 14:14:37.940634575,0.0,0.0,0.0,0.0,0.0,5.293955920339377e-23,0.0
2024/11/28 14:14:37.950550742,0.0,0.0,0.0,0.0,0.0,-1.0587911840678754e-22,0.0
2024/11/28 14:14:37.961256575,0.0,0.0,0.0,0.0,0.0,-1.0587911840678754e-22,0.0
2024/11/28 14:14:37.970739914,0.0,0.0,0.0,0.0,0.0,2.6469779601696886e-22,0.0
2024/11/28 14:14:37.980556592,0.0,0.0,0.0,0.0,0.0,0.0,0.0
2024/11/28 14:14:37.990451760,0.0,0.0,0.0,0.0,0.0,5.293955920339377e-23,0.0
2024/11/28 14:14:38.2456589,0.0,0.0,0.0,0.0,0.0,-5.293955920339377e-23,0.0
2024/11/28 14:14:38.11040260,0.0,0.0,0.0,0.0,0.0,-5.293955920339377e-23,0.0
2024/11/28 14:14:38.20363033,0.0,0.0,0.0,0.0,0.0,-1.5881867761018131e-22,0.0
2024/11/28 14:14:38.30675831,0.0,0.0,0.0,0.0,0.0,-2.6469779601696886e-22,0.0
2024/11/28 14:14:38.40783982,0.0,0.0,0.0,0.0,0.0,1.0587911840678754e-22,0.0
2024/11/28 14:14:38.50961882,0.0,0.0,0.0,0.0,0.0,5.293955920339377e-22,0.0
2024/11/28 14:14:38.60496415,0.0,0.0,0.0,0.0,0.0,-3.705769144237564e-22,0.0
2024/11/28 14:14:38.70659319,0.0,0.0,0.0,0.0,0.0,5.293955920339377e-23,0.0
2024/11/28 14:14:38.80755366,0.0,0.0,0.0,0.0,0.0,1.0587911840678754e-22,0.0
2024/11/28 14:14:38.90489045,0.0,0.0,0.0,0.0,0.0,1.0587911840678754e-22,0.0
2024/11/28 14:14:38.100796462,0.0,0.0,0.0,0.0,0.0,-2.117582368135751e-22,0.0
2024/11/28 14:14:38.111300455,0.0,0.0,0.0,0.0,0.0,5.293955920339377e-23,0.0
2024/11/28 14:14:38.120567961,0.0,0.0,0.0,0.0,0.0,0.0,0.0
2024/11/28 14:14:38.130403049,0.0,0.0,0.0,0.0,0.0,2.117582368135751e-22,0.0
2024/11/28 14:14:38.140741681,0.0,0.0,0.0,0.0,0.0,0.0,0.0
2024/11/28 14:14:38.152079773,0.0,0.0,0.0,0.0,0.0,1.5881867761018131e-22,0.0
2024/11/28 14:14:38.161241061,0.0,0.0,0.0,0.0,0.0,-2.6469779601696886e-22,0.0
2024/11/28 14:14:38.170988995,0.0,0.0,0.0,0.0,0.0,-5.293955920339377e-23,0.0
2024/11/28 14:14:38.181020927,0.0,0.0,0.0,0.0,0.0,5.293955920339377e-23,0.0
2024/11/28 14:14:38.190772446,0.0,0.0,0.0,0.0,0.0,-3.1763735522036263e-22,0.0
2024/11/28 14:14:38.200692244,0.0,0.0,0.0,0.0,0.0,2.6469779601696886e-22,0.0
2024/11/28 14:14:38.216497890,0.0,0.0,0.0,0.0,0.0,-1.0587911840678754e-22,0.0
2024/11/28 14:14:38.220735357,0.0,0.0,0.0,0.0,0.0,-1.5881867761018131e-22,0.0
2024/11/28 14:14:38.230984142,0.0,0.0,0.0,0.0,0.0,-5.293955920339377e-23,0.0
2024/11/28 14:14:38.240965498,0.0,0.0,0.0,0.0,0.0,2.117582368135751e-22,0.0
2024/11/28 14:14:38.253722204,0.0,0.0,0.0,0.0,0.0,1.5881867761018131e-22,0.0
2024/11/28 14:14:38.263186298,0.0,0.0,0.0,0.0,0.0,-1.0587911840678754e-22,0.0
2024/11/28 14:14:38.271076656,0.0,0.0,0.0,0.0,0.0,5.293955920339377e-23,0.0
2024/11/28 14:14:38.280775400,0.0,0.0,0.0,0.0,0.0,-4.235164736271502e-22,0.0
2024/11/28 14:14:38.290551420,0.0,0.0,0.0,0.0,0.0,2.117582368135751e-22,0.0
2024/11/28 14:14:38.301499571,0.0,0.0,0.0,0.0,0.0,-1.5881867761018131e-22,0.0
2024/11/28 14:14:38.311509871,0.0,0.0,0.0,0.0,0.0,1.5881867761018131e-22,0.0
2024/11/28 14:14:38.320618087,0.0,0.0,0.0,0.0,0.0,5.293955920339377e-23,0.0
2024/11/28 14:14:38.332068539,0.0,0.0,0.0,0.0,0.0,5.293955920339377e-23,0.0
2024/11/28 14:14:38.340379195,0.0,0.0,0.0,0.0,0.0,-5.293955920339377e-23,0.0
2024/11/28 14:14:38.350696223,0.0,0.0,0.0,0.0,0.0,5.293955920339377e-23,0.0
2024/11/28 14:14:38.361053748,0.0,0.0,0.0,0.0,0.0,-1.5881867761018131e-22,0.0
2024/11/28 14:14:38.371195751,0.0,0.0,0.0,0.0,0.0,2.6469779601696886e-22,0.0
2024/11/28 14:14:38.380781907,0.0,0.0,0.0,0.0,0.0,-1.0587911840678754e-22,0.0
2024/11/28 14:14:38.390545744,0.0,0.0,0.0,0.0,0.0,1.0587911840678754e-22,0.0
2024/11/28 14:14:38.400539734,0.0,0.0,0.0,0.0,0.0,-2.117582368135751e-22,0.0
2024/11/28 14:14:38.410351881,0.0,0.0,0.0,0.0,0.0,5.293955920339377e-23,0.0
2024/11/28 14:14:38.420703263,0.0,0.0,0.0,0.0,0.0,5.293955920339377e-23,0.0
2024/11/28 14:14:38.431934914,0.0,0.0,0.0,0.0,0.0,1.0587911840678754e-22,0.0
2024/11/28 14:14:38.440395103,0.0,0.0,0.0,0.0,0.0,0.0,0.0
2024/11/28 14:14:38.450504474,0.0,0.0,0.0,0.0,0.0,-2.117582368135751e-22,0.0
2024/11/28 14:14:38.460803268,0.0,0.0,0.0,0.0,0.0,-1.0587911840678754e-22,0.0
2024/11/28 14:14:38.470792732,0.0,0.0,0.0,0.0,0.0,1.5881867761018131e-22,0.0
2024/11/28 14:14:38.483337877,0.0,0.0,0.0,0.0,0.0,-5.293955920339377e-23,0.0
2024/11/28 14:14:38.490706549,0.0,0.0,0.0,0.0,0.0,1.0587911840678754e-22,0.0
2024/11/28 14:14:38.500423697,0.0,0.0,0.0,0.0,0.0,-1.5881867761018131e-22,0.0
2024/11/28 14:14:38.510816106,0.0,0.0,0.0,0.0,0.0,1.5881867761018131e-22,0.0
2024/11/28 14:14:38.520561204,0.0,0.0,0.0,0.0,0.0,1.5881867761018131e-22,0.0
2024/11/28 14:14:38.530684614,0.0,0.0,0.0,0.0,0.0,-1.0587911840678754e-22,0.0
2024/11/28 14:14:38.540481025,0.0,0.0,0.0,0.0,0.0,0.0,0.0
2024/11/28 14:14:38.550791379,0.0,0.0,0.0,0.0,0.0,1.5881867761018131e-22,0.0
2024/11/28 14:14:38.561103115,0.0,0.0,0.0,0.0,0.0,0.0,0.0
2024/11/28 14:14:38.570756157,0.0,0.0,0.0,0.0,0.0,0.0,0.0
2024/11/28 14:14:38.581402937,0.0,0.0,0.0,0.0,0.0,-1.0587911840678754e-22,0.0
2024/11/28 14:14:38.590463982,0.0,0.0,0.0,0.0,0.0,-1.0587911840678754e-22,0.0
2024/11/28 14:14:38.600571909,0.0,0.0,0.0,0.0,0.0,-2.117582368135751e-22,0.0
2024/11/28 14:14:38.610974852,0.0,0.0,0.0,0.0,0.0,5.293955920339377e-23,0.0
2024/11/28 14:14:38.620567456,0.0,0.0,0.0,0.0,0.0,0.0,0.0
2024/11/28 14:14:38.633547846,0.0,0.0,0.0,0.0,0.0,0.0,0.0
2024/11/28 14:14:38.640667817,0.0,0.0,0.0,0.0,0.0,-5.293955920339377e-23,0.0
2024/11/28 14:14:38.651038485,0.0,0.0,0.0,0.0,0.0,0.0,0.0
2024/11/28 14:14:38.660901809,0.0,0.0,0.0,0.0,0.0,1.5881867761018131e-22,0.0
2024/11/28 14:14:38.670579259,0.0,0.0,0.0,0.0,0.0,-2.117582368135751e-22,0.0
2024/11/28 14:14:38.681437325,0.0,0.0,0.0,0.0,0.0,4.764560328305439e-22,0.0
2024/11/28 14:14:38.690745033,0.0,0.0,0.0,0.0,0.0,-1.0587911840678754e-22,0.0
2024/11/28 14:14:38.700552511,0.0,0.0,0.0,0.0,0.0,1.0587911840678754e-22,0.0
2024/11/28 14:14:38.711064245,0.0,0.0,0.0,0.0,0.0,-1.0587911840678754e-22,0.0
2024/11/28 14:14:38.720450253,0.0,0.0,0.0,0.0,0.0,0.0,0.0
2024/11/28 14:14:38.732404519,0.0,0.0,0.0,0.0,0.0,0.0,0.0
2024/11/28 14:14:38.740590672,0.0,0.0,0.0,0.0,0.0,-5.293955920339377e-23,0.0
2024/11/28 14:14:38.750554818,0.0,0.0,0.0,0.0,0.0,-5.293955920339377e-23,0.0
2024/11/28 14:14:38.760952558,0.0,0.0,0.0,0.0,0.0,-1.5881867761018131e-22,0.0
2024/11/28 14:14:38.771635051,0.0,0.0,0.0,0.0,0.0,2.6469779601696886e-22,0.0
2024/11/28 14:14:38.780910674,0.0,0.0,0.0,0.0,0.0,-2.117582368135751e-22,0.0
2024/11/28 14:14:38.790493406,0.0,0.0,0.0,0.0,0.0,-5.293955920339377e-23,0.0
2024/11/28 14:14:38.800698330,0.0,0.0,0.0,0.0,0.0,1.0587911840678754e-22,0.0
2024/11/28 14:14:38.813808861,0.0,0.0,0.0,0.0,0.0,5.293955920339377e-23,0.0
2024/11/28 14:14:38.821420952,0.0,0.0,0.0,0.0,0.0,0.0,0.0
2024/11/28 14:14:38.830447574,0.0,0.0,0.0,0.0,0.0,-5.293955920339377e-23,0.0
2024/11/28 14:14:38.840890937,0.0,0.0,0.0,0.0,0.0,1.0587911840678754e-22,0.0
2024/11/28 14:14:38.850685809,0.0,0.0,0.0,0.0,0.0,-5.293955920339377e-23,0.0
2024/11/28 14:14:38.860907204,0.0,0.0,0.0,0.0,0.0,-1.0587911840678754e-22,0.0
2024/11/28 14:14:38.870704480,0.0,0.0,0.0,0.0,0.0,-5.293955920339377e-23,0.0
2024/11/28 14:14:38.883025202,0.0,0.0,0.0,0.0,0.0,1.0587911840678754e-22,0.0
2024/11/28 14:14:38.890611775,0.0,0.0,0.0,0.0,0.0,1.5881867761018131e-22,0.0
2024/11/28 14:14:38.900743720,0.0,0.0,0.0,0.0,0.0,-1.0587911840678754e-22,0.0
2024/11/28 14:14:38.911106311,0.0,0.0,0.0,0.0,0.0,-1.5881867761018131e-22,0.0
2024/11/28 14:14:38.920917039,0.0,0.0,0.0,0.0,0.0,1.0587911840678754e-22,0.0
2024/11/28 14:14:38.931997189,0.0,0.0,0.0,0.0,0.0,5.293955920339377e-23,0.0
2024/11/28 14:14:38.940544952,0.0,0.0,0.0,0.0,0.0,-3.1763735522036263e-22,0.0
2024/11/28 14:14:38.950506872,0.0,0.0,0.0,0.0,0.0,3.1763735522036263e-22,0.0
2024/11/28 14:14:38.963033015,0.0,0.0,0.0,0.0,0.0,2.6469779601696886e-22,0.0
2024/11/28 14:14:38.971369432,0.0,0.0,0.0,0.0,0.0,0.0,0.0
2024/11/28 14:14:38.980457147,0.0,0.0,0.0,0.0,0.0,2.6469779601696886e-22,0.0
2024/11/28 14:14:38.990235830,0.0,0.0,0.0,0.0,0.0,1.5881867761018131e-22,0.0
2024/11/28 14:14:39.2029938,0.0,0.0,0.0,0.0,0.0,-3.1763735522036263e-22,0.0
2024/11/28 14:14:39.10734770,0.0,0.0,0.0,0.0,0.0,1.0587911840678754e-22,0.0
2024/11/28 14:14:39.20931707,0.0,0.0,0.0,0.0,0.0,1.0587911840678754e-22,0.0
2024/11/28 14:14:39.30589052,0.0,0.0,0.0,0.0,0.0,-2.6469779601696886e-22,0.0
2024/11/28 14:14:39.40125035,0.0,0.0,0.0,0.0,0.0,0.0,0.0
2024/11/28 14:14:39.57394355,0.0,0.0,0.0,0.0,0.0,-3.1763735522036263e-22,0.0
2024/11/28 14:14:39.61390481,0.0,0.0,0.0,0.0,0.0,1.0587911840678754e-22,0.0
2024/11/28 14:14:39.70381458,0.0,0.0,0.0,0.0,0.0,-1.0587911840678754e-22,0.0
2024/11/28 14:14:39.82233997,0.0,0.0,0.0,0.0,0.0,0.0,0.0
2024/11/28 14:14:39.90613834,0.0,0.0,0.0,0.0,0.0,-1.5881867761018131e-22,0.0
2024/11/28 14:14:39.101719968,0.0,0.0,0.0,0.0,0.0,5.293955920339377e-23,0.0
2024/11/28 14:14:39.111215776,0.0,0.0,0.0,0.0,0.0,1.5881867761018131e-22,0.0
2024/11/28 14:14:39.120287159,0.0,0.0,0.0,0.0,0.0,-3.705769144237564e-22,0.0
2024/11/28 14:14:39.134919785,0.0,0.0,0.0,0.0,0.0,-5.293955920339377e-23,0.0
2024/11/28 14:14:39.146162211,0.0,0.0,0.0,0.0,0.0,1.0587911840678754e-22,0.0
2024/11/28 14:14:39.150746133,0.0,0.0,0.0,0.0,0.0,5.293955920339377e-23,0.0
2024/11/28 14:14:39.160623508,0.0,0.0,0.0,0.0,0.0,1.5881867761018131e-22,0.0
2024/11/28 14:14:39.172228454,0.0,0.0,0.0,0.0,0.0,-1.0587911840678754e-22,0.0
2024/11/28 14:14:39.181850377,0.0,0.0,0.0,0.0,0.0,0.0,0.0
2024/11/28 14:14:39.190763293,0.0,0.0,0.0,0.0,0.0,-1.5881867761018131e-22,0.0
2024/11/28 14:14:39.200428561,0.0,0.0,0.0,0.0,0.0,1.0587911840678754e-22,0.0
2024/11/28 14:14:39.210569137,0.0,0.0,0.0,0.0,0.0,-2.117582368135751e-22,0.0
2024/11/28 14:14:39.221211513,0.0,0.0,0.0,0.0,0.0,3.1763735522036263e-22,0.0
2024/11/28 14:14:39.234855460,0.0,0.0,0.0,0.0,0.0,1.5881867761018131e-22,0.0
2024/11/28 14:14:39.240282625,0.0,0.0,0.0,0.0,0.0,-5.293955920339377e-23,0.0
2024/11/28 14:14:39.250662176,0.0,0.0,0.0,0.0,0.0,-1.0587911840678754e-22,0.0
2024/11/28 14:14:39.262544064,0.0,0.0,0.0,0.0,0.0,2.117582368135751e-22,0.0
2024/11/28 14:14:39.270673322,0.0,0.0,0.0,0.0,0.0,0.0,0.0
2024/11/28 14:14:39.281154969,0.0,0.0,0.0,0.0,0.0,-2.117582368135751e-22,0.0
2024/11/28 14:14:39.290424604,0.0,0.0,0.0,0.0,0.0,1.0587911840678754e-22,0.0
2024/11/28 14:14:39.300993971,0.0,0.0,0.0,0.0,0.0,1.0587911840678754e-22,0.0
2024/11/28 14:14:39.310611877,0.0,0.0,0.0,0.0,0.0,1.0587911840678754e-22,0.0
2024/11/28 14:14:39.320726781,0.0,0.0,0.0,0.0,0.0,-2.117582368135751e-22,0.0
2024/11/28 14:14:39.331206134,0.0,0.0,0.0,0.0,0.0,1.0587911840678754e-22,0.0
2024/11/28 14:14:39.340332827,0.0,0.0,0.0,0.0,0.0,0.0,0.0
2024/11/28 14:14:39.350688898,0.0,0.0,0.0,0.0,0.0,0.0,0.0
2024/11/28 14:14:39.363451815,0.0,0.0,0.0,0.0,0.0,0.0,0.0
2024/11/28 14:14:39.370780288,0.0,0.0,0.0,0.0,0.0,-2.6469779601696886e-22,0.0
2024/11/28 14:14:39.380478189,0.0,0.0,0.0,0.0,0.0,1.5881867761018131e-22,0.0
2024/11/28 14:14:39.390528685,0.0,0.0,0.0,0.0,0.0,-1.0587911840678754e-22,0.0
2024/11/28 14:14:39.400668236,0.0,0.0,0.0,0.0,0.0,2.117582368135751e-22,0.0
2024/11/28 14:14:39.412205776,0.0,0.0,0.0,0.0,0.0,-1.5881867761018131e-22,0.0
2024/11/28 14:14:39.420548881,0.0,0.0,0.0,0.0,0.0,5.293955920339377e-23,0.0
2024/11/28 14:14:39.433090558,0.0,0.0,0.0,0.0,0.0,-5.293955920339377e-23,0.0
2024/11/28 14:14:39.440384403,0.0,0.0,0.0,0.0,0.0,-1.5881867761018131e-22,0.0
2024/11/28 14:14:39.450801803,0.0,0.0,0.0,0.0,0.0,5.293955920339377e-23,0.0
2024/11/28 14:14:39.461230927,0.0,0.0,0.0,0.0,0.0,5.293955920339377e-23,0.0
2024/11/28 14:14:39.470574022,0.0,0.0,0.0,0.0,0.0,1.0587911840678754e-22,0.0
2024/11/28 14:14:39.482075312,0.0,0.0,0.0,0.0,0.0,-5.293955920339377e-23,0.0
2024/11/28 14:14:39.490724784,0.0,0.0,0.0,0.0,0.0,5.293955920339377e-23,0.0
2024/11/28 14:14:39.500954950,0.0,0.0,0.0,0.0,0.0,0.0,0.0
2024/11/28 14:14:39.513382283,0.0,0.0,0.0,0.0,0.0,0.0,0.0
2024/11/28 14:14:39.520826632,0.0,0.0,0.0,0.0,0.0,1.0587911840678754e-22,0.0
2024/11/28 14:14:39.533333223,0.0,0.0,0.0,0.0,0.0,5.293955920339377e-23,0.0
2024/11/28 14:14:39.540404165,0.0,0.0,0.0,0.0,0.0,-1.5881867761018131e-22,0.0
2024/11/28 14:14:39.550681350,0.0,0.0,0.0,0.0,0.0,0.0,0.0
2024/11/28 14:14:39.560503949,0.0,0.0,0.0,0.0,0.0,-1.0587911840678754e-22,0.0
2024/11/28 14:14:39.570881366,0.0,0.0,0.0,0.0,0.0,1.5881867761018131e-22,0.0
2024/11/28 14:14:39.581505923,0.0,0.0,0.0,0.0,0.0,2.6469779601696886e-22,0.0
2024/11/28 14:14:39.590696221,0.0,0.0,0.0,0.0,0.0,-5.293955920339377e-23,0.0
2024/11/28 14:14:39.600774672,0.0,0.0,0.0,0.0,0.0,2.117582368135751e-22,0.0
2024/11/28 14:14:39.610877100,0.0,0.0,0.0,0.0,0.0,0.0,0.0
2024/11/28 14:14:39.620555154,0.0,0.0,0.0,0.0,0.0,5.293955920339377e-23,0.0
2024/11/28 14:14:39.631913418,0.0,0.0,0.0,0.0,0.0,-1.0587911840678754e-22,0.0
2024/11/28 14:14:39.640922500,0.0,0.0,0.0,0.0,0.0,-1.0587911840678754e-22,0.0
2024/11/28 14:14:39.651667978,0.0,0.0,0.0,0.0,0.0,-2.6469779601696886e-22,0.0
2024/11/28 14:14:39.661288293,0.0,0.0,0.0,0.0,0.0,-5.293955920339377e-23,0.0
2024/11/28 14:14:39.671226372,0.0,0.0,0.0,0.0,0.0,-5.293955920339377e-23,0.0
2024/11/28 14:14:39.682098891,0.0,0.0,0.0,0.0,0.0,5.293955920339377e-23,0.0
2024/11/28 14:14:39.690447466,0.0,0.0,0.0,0.0,0.0,5.293955920339377e-23,0.0
2024/11/28 14:14:39.701319399,0.0,0.0,0.0,0.0,0.0,1.5881867761018131e-22,0.0
2024/11/28 14:14:39.710816992,0.0,0.0,0.0,0.0,0.0,1.5881867761018131e-22,0.0
2024/11/28 14:14:39.720444728,0.0,0.0,0.0,0.0,0.0,-1.5881867761018131e-22,0.0
2024/11/28 14:14:39.733122515,0.0,0.0,0.0,0.0,0.0,-5.293955920339377e-22,0.0
2024/11/28 14:14:39.740337109,0.0,0.0,0.0,0.0,0.0,4.235164736271502e-22,0.0
2024/11/28 14:14:39.750760979,0.0,0.0,0.0,0.0,0.0,0.0,0.0
2024/11/28 14:14:39.760886652,0.0,0.0,0.0,0.0,0.0,-5.293955920339377e-23,0.0
2024/11/28 14:14:39.770763669,0.0,0.0,0.0,0.0,0.0,1.5881867761018131e-22,0.0
2024/11/28 14:14:39.780861621,0.0,0.0,0.0,0.0,0.0,-5.293955920339377e-23,0.0
2024/11/28 14:14:39.790666341,0.0,0.0,0.0,0.0,0.0,-3.1763735522036263e-22,0.0
2024/11/28 14:14:39.800848390,0.0,0.0,0.0,0.0,0.0,0.0,0.0
2024/11/28 14:14:39.811580326,0.0,0.0,0.0,0.0,0.0,2.117582368135751e-22,0.0
2024/11/28 14:14:39.820545422,0.0,0.0,0.0,0.0,0.0,1.5881867761018131e-22,0.0
2024/11/28 14:14:39.831036008,0.0,0.0,0.0,0.0,0.0,1.0587911840678754e-22,0.0
2024/11/28 14:14:39.840667705,0.0,0.0,0.0,0.0,0.0,1.0587911840678754e-22,0.0
2024/11/28 14:14:39.850781064,0.0,0.0,0.0,0.0,0.0,-1.0587911840678754e-22,0.0
2024/11/28 14:14:39.861942593,0.0,0.0,0.0,0.0,0.0,0.0,0.0
2024/11/28 14:14:39.870768230,0.0,0.0,0.0,0.0,0.0,-1.5881867761018131e-22,0.0
2024/11/28 14:14:39.880942331,0.0,0.0,0.0,0.0,0.0,-1.0587911840678754e-22,0.0
2024/11/28 14:14:39.890748289,0.0,0.0,0.0,0.0,0.0,2.6469779601696886e-22,0.0
2024/11/28 14:14:39.900541658,0.0,0.0,0.0,0.0,0.0,2.117582368135751e-22,0.0
2024/11/28 14:14:39.913488861,0.0,0.0,0.0,0.0,0.0,-2.6469779601696886e-22,0.0
2024/11/28 14:14:39.920771731,0.0,0.0,0.0,0.0,0.0,0.0,0.0
2024/11/28 14:14:39.930709136,0.0,0.0,0.0,0.0,0.0,-1.5881867761018131e-22,0.0
2024/11/28 14:14:39.940482158,0.0,0.0,0.0,0.0,0.0,-2.117582368135751e-22,0.0
2024/11/28 14:14:39.951763493,0.0,0.0,0.0,0.0,0.0,2.6469779601696886e-22,0.0
2024/11/28 14:14:39.963335863,0.0,0.0,0.0,0.0,0.0,-2.117582368135751e-22,0.0
2024/11/28 14:14:39.970678146,0.0,0.0,0.0,0.0,0.0,0.0,0.0
2024/11/28 14:14:39.980609784,0.0,0.0,0.0,0.0,0.0,-5.293955920339377e-23,0.0
2024/11/28 14:14:39.990971886,0.0,0.0,0.0,0.0,0.0,-1.0587911840678754e-22,0.0
2024/11/28 14:14:40.2135510,0.0,0.0,0.0,0.0,0.0,2.117582368135751e-22,0.0
2024/11/28 14:14:40.10656039,0.0,0.0,0.0,0.0,0.0,-5.293955920339377e-23,0.0
2024/11/28 14:14:40.20908924,0.0,0.0,0.0,0.0,0.0,5.293955920339377e-23,0.0
2024/11/28 14:14:40.30423140,0.0,0.0,0.0,0.0,0.0,1.0587911840678754e-22,0.0
2024/11/28 14:14:40.40812856,0.0,0.0,0.0,0.0,0.0,-1.0587911840678754e-22,0.0
2024/11/28 14:14:40.57743110,0.0,0.0,0.0,0.0,0.0,5.293955920339377e-23,0.0
2024/11/28 14:14:40.63817604,0.0,0.0,0.0,0.0,0.0,0.0,0.0
2024/11/28 14:14:40.70393203,0.0,0.0,0.0,0.0,0.0,2.117582368135751e-22,0.0
2024/11/28 14:14:40.80979905,0.0,0.0,0.0,0.0,0.0,-2.6469779601696886e-22,0.0
2024/11/28 14:14:40.90484912,0.0,0.0,0.0,0.0,0.0,1.0587911840678754e-22,0.0
2024/11/28 14:14:40.100692523,0.0,0.0,0.0,0.0,0.0,-1.0587911840678754e-22,0.0
2024/11/28 14:14:40.111356360,0.0,0.0,0.0,0.0,0.0,1.0587911840678754e-22,0.0
2024/11/28 14:14:40.120826021,0.0,0.0,0.0,0.0,0.0,-5.293955920339377e-23,0.0
2024/11/28 14:14:40.133967264,0.0,0.0,0.0,0.0,0.0,0.0,0.0
2024/11/28 14:14:40.140324530,0.0,0.0,0.0,0.0,0.0,-1.5881867761018131e-22,0.0
2024/11/28 14:14:40.150853853,0.0,0.0,0.0,0.0,0.0,1.5881867761018131e-22,0.0
2024/11/28 14:14:40.163689085,0.0,0.0,0.0,0.0,0.0,-1.5881867761018131e-22,0.0
2024/11/28 14:14:40.170881080,0.0,0.0,0.0,0.0,0.0,5.293955920339377e-23,0.0
2024/11/28 14:14:40.182021559,0.0,0.0,0.0,0.0,0.0,-5.293955920339377e-23,0.0
2024/11/28 14:14:40.190736205,0.0,0.0,0.0,0.0,0.0,1.0587911840678754e-22,0.0
2024/11/28 14:14:40.200595086,0.0,0.0,0.0,0.0,0.0,-3.1763735522036263e-22,0.0
2024/11/28 14:14:40.210925878,0.0,0.0,0.0,0.0,0.0,1.0587911840678754e-22,0.0
2024/11/28 14:14:40.220559467,0.0,0.0,0.0,0.0,0.0,-1.0587911840678754e-22,0.0
2024/11/28 14:14:40.230943820,0.0,0.0,0.0,0.0,0.0,2.117582368135751e-22,0.0
2024/11/28 14:14:40.240413839,0.0,0.0,0.0,0.0,0.0,0.0,0.0
2024/11/28 14:14:40.253486163,0.0,0.0,0.0,0.0,0.0,5.293955920339377e-23,0.0
2024/11/28 14:14:40.261093409,0.0,0.0,0.0,0.0,0.0,1.0587911840678754e-22,0.0
2024/11/28 14:14:40.270371358,0.0,0.0,0.0,0.0,0.0,0.0,0.0
2024/11/28 14:14:40.281987549,0.0,0.0,0.0,0.0,0.0,-1.5881867761018131e-22,0.0
2024/11/28 14:14:40.290638215,0.0,0.0,0.0,0.0,0.0,1.5881867761018131e-22,0.0
2024/11/28 14:14:40.301137376,0.0,0.0,0.0,0.0,0.0,0.0,0.0
2024/11/28 14:14:40.311221049,0.0,0.0,0.0,0.0,0.0,0.0,0.0
2024/11/28 14:14:40.322135025,0.0,0.0,0.0,0.0,0.0,2.6469779601696886e-22,0.0
2024/11/28 14:14:40.330622353,0.0,0.0,0.0,0.0,0.0,-5.293955920339377e-23,0.0
2024/11/28 14:14:40.340661062,0.0,0.0,0.0,0.0,0.0,-4.235164736271502e-22,0.0
2024/11/28 14:14:40.351396320,0.0,0.0,0.0,0.0,0.0,-5.293955920339377e-23,0.0
2024/11/28 14:14:40.362943414,0.0,0.0,0.0,0.0,0.0,2.117582368135751e-22,0.0
2024/11/28 14:14:40.371507617,0.0,0.0,0.0,0.0,0.0,-2.117582368135751e-22,0.0
2024/11/28 14:14:40.381332314,0.0,0.0,0.0,0.0,0.0,2.6469779601696886e-22,0.0
2024/11/28 14:14:40.390258169,0.0,0.0,0.0,0.0,0.0,1.5881867761018131e-22,0.0
2024/11/28 14:14:40.400657934,0.0,0.0,0.0,0.0,0.0,0.0,0.0
2024/11/28 14:14:40.410423607,0.0,0.0,0.0,0.0,0.0,-1.5881867761018131e-22,0.0
2024/11/28 14:14:40.420648815,0.0,0.0,0.0,0.0,0.0,5.293955920339377e-23,0.0
2024/11/28 14:14:40.434900970,0.0,0.0,0.0,0.0,0.0,1.5881867761018131e-22,0.0
2024/11/28 14:14:40.440411508,0.0,0.0,0.0,0.0,0.0,-2.6469779601696886e-22,0.0
2024/11/28 14:14:40.450277288,0.0,0.0,0.0,0.0,0.0,5.293955920339377e-23,0.0
2024/11/28 14:14:40.461305192,0.0,0.0,0.0,0.0,0.0,0.0,0.0
2024/11/28 14:14:40.474833999,0.0,0.0,0.0,0.0,0.0,0.0,0.0
2024/11/28 14:14:40.480532695,0.0,0.0,0.0,0.0,0.0,0.0,0.0
2024/11/28 14:14:40.490376520,0.0,0.0,0.0,0.0,0.0,-1.5881867761018131e-22,0.0
2024/11/28 14:14:40.503559368,0.0,0.0,0.0,0.0,0.0,2.6469779601696886e-22,0.0
2024/11/28 14:14:40.511918968,0.0,0.0,0.0,0.0,0.0,-5.293955920339377e-23,0.0
2024/11/28 14:14:40.520527482,0.0,0.0,0.0,0.0,0.0,-1.0587911840678754e-22,0.0
2024/11/28 14:14:40.531411164,0.0,0.0,0.0,0.0,0.0,0.0,0.0
2024/11/28 14:14:40.540475165,0.0,0.0,0.0,0.0,0.0,-1.0587911840678754e-22,0.0
2024/11/28 14:14:40.550847731,0.0,0.0,0.0,0.0,0.0,2.6469779601696886e-22,0.0
2024/11/28 14:14:40.562673460,0.0,0.0,0.0,0.0,0.0,-2.117582368135751e-22,0.0
2024/11/28 14:14:40.571072700,0.0,0.0,0.0,0.0,0.0,-5.293955920339377e-23,0.0
2024/11/28 14:14:40.580717330,0.0,0.0,0.0,0.0,0.0,2.117582368135751e-22,0.0
2024/11/28 14:14:40.591163694,0.0,0.0,0.0,0.0,0.0,-1.5881867761018131e-22,0.0
2024/11/28 14:14:40.602527004,0.0,0.0,0.0,0.0,0.0,-1.5881867761018131e-22,0.0
2024/11/28 14:14:40.610682627,0.0,0.0,0.0,0.0,0.0,1.0587911840678754e-22,0.0
2024/11/28 14:14:40.622987696,0.0,0.0,0.0,0.0,0.0,-1.0587911840678754e-22,0.0
2024/11/28 14:14:40.632250291,0.0,0.0,0.0,0.0,0.0,1.0587911840678754e-22,0.0
2024/11/28 14:14:40.640405088,0.0,0.0,0.0,0.0,0.0,1.0587911840678754e-22,0.0
2024/11/28 14:14:40.650559535,0.0,0.0,0.0,0.0,0.0,-1.0587911840678754e-22,0.0
2024/11/28 14:14:40.661103215,0.0,0.0,0.0,0.0,0.0,2.6469779601696886e-22,0.0
2024/11/28 14:14:40.670761220,0.0,0.0,0.0,0.0,0.0,0.0,0.0
2024/11/28 14:14:40.681403313,0.0,0.0,0.0,0.0,0.0,1.0587911840678754e-22,0.0
2024/11/28 14:14:40.690269044,0.0,0.0,0.0,0.0,0.0,1.0587911840678754e-22,0.0
2024/11/28 14:14:40.700471895,0.0,0.0,0.0,0.0,0.0,-2.6469779601696886e-22,0.0
2024/11/28 14:14:40.710423222,0.0,0.0,0.0,0.0,0.0,-2.6469779601696886e-22,0.0
2024/11/28 14:14:40.720507710,0.0,0.0,0.0,0.0,0.0,-2.117582368135751e-22,0.0
2024/11/28 14:14:40.730757948,0.0,0.0,0.0,0.0,0.0,1.0587911840678754e-22,0.0
2024/11/28 14:14:40.740582228,0.0,0.0,0.0,0.0,0.0,1.0587911840678754e-22,0.0
2024/11/28 14:14:40.751956687,0.0,0.0,0.0,0.0,0.0,5.823351512373315e-22,0.0
2024/11/28 14:14:40.763049835,0.0,0.0,0.0,0.0,0.0,-5.293955920339377e-22,0.0
2024/11/28 14:14:40.771253582,0.0,0.0,0.0,0.0,0.0,0.0,0.0
2024/11/28 14:14:40.781181600,0.0,0.0,0.0,0.0,0.0,1.0587911840678754e-22,0.0
2024/11/28 14:14:40.790614815,0.0,0.0,0.0,0.0,0.0,1.0587911840678754e-22,0.0
2024/11/28 14:14:40.800701826,0.0,0.0,0.0,0.0,0.0,-2.6469779601696886e-22,0.0
2024/11/28 14:14:40.810317539,0.0,0.0,0.0,0.0,0.0,2.6469779601696886e-22,0.0
2024/11/28 14:14:40.820878523,0.0,0.0,0.0,0.0,0.0,-1.0587911840678754e-22,0.0
2024/11/28 14:14:40.831333480,0.0,0.0,0.0,0.0,0.0,0.0,0.0
2024/11/28 14:14:40.840144774,0.0,0.0,0.0,0.0,0.0,1.0587911840678754e-22,0.0
2024/11/28 14:14:40.850623506,0.0,0.0,0.0,0.0,0.0,-2.6469779601696886e-22,0.0
2024/11/28 14:14:40.862834045,0.0,0.0,0.0,0.0,0.0,0.0,0.0
2024/11/28 14:14:40.871339821,0.0,0.0,0.0,0.0,0.0,1.0587911840678754e-22,0.0
2024/11/28 14:14:40.883087887,0.0,0.0,0.0,0.0,0.0,4.764560328305439e-22,0.0
2024/11/28 14:14:40.891147054,0.0,0.0,0.0,0.0,0.0,3.705769144237564e-22,0.0
2024/11/28 14:14:40.900903001,0.0,0.0,0.0,0.0,0.0,-4.764560328305439e-22,0.0
2024/11/28 14:14:40.911024207,0.0,0.0,0.0,0.0,0.0,0.0,0.0
2024/11/28 14:14:40.921259715,0.0,0.0,0.0,0.0,0.0,2.117582368135751e-22,0.0
2024/11/28 14:14:40.932044087,0.0,0.0,0.0,0.0,0.0,-2.117582368135751e-22,0.0
2024/11/28 14:14:40.940226378,0.0,0.0,0.0,0.0,0.0,2.6469779601696886e-22,0.0
2024/11/28 14:14:40.950724839,0.0,0.0,0.0,0.0,0.0,-5.293955920339377e-23,0.0
2024/11/28 14:14:40.960619679,0.0,0.0,0.0,0.0,0.0,-2.117582368135751e-22,0.0
2024/11/28 14:14:40.970702988,0.0,0.0,0.0,0.0,0.0,2.117582368135751e-22,0.0
2024/11/28 14:14:40.982444803,0.0,0.0,0.0,0.0,0.0,-2.6469779601696886e-22,0.0
2024/11/28 14:14:40.990472986,0.0,0.0,0.0,0.0,0.0,1.5881867761018131e-22,0.0
2024/11/28 14:14:41.840706,0.0,0.0,0.0,0.0,0.0,-2.117582368135751e-22,0.0
2024/11/28 14:14:41.10665547,0.0,0.0,0.0,0.0,0.0,-2.117582368135751e-22,0.0
2024/11/28 14:14:41.20783982,0.0,0.0,0.0,0.0,0.0,0.0,0.0
2024/11/28 14:14:41.32469203,0.0,0.0,0.0,0.0,0.0,0.0,0.0
2024/11/28 14:14:41.40700397,0.0,0.0,0.0,0.0,0.0,0.0,0.0
2024/11/28 14:14:41.51378905,0.0,0.0,0.0,0.0,0.0,1.0587911840678754e-22,0.0
2024/11/28 14:14:41.60438286,0.0,0.0,0.0,0.0,0.0,-5.293955920339377e-23,0.0
2024/11/28 14:14:41.70701067,0.0,0.0,0.0,0.0,0.0,5.293955920339377e-23,0.0
2024/11/28 14:14:41.83780796,0.0,0.0,0.0,0.0,0.0,-2.117582368135751e-22,0.0
2024/11/28 14:14:41.90631921,0.0,0.0,0.0,0.0,0.0,0.0,0.0
2024/11/28 14:14:41.100886521,0.0,0.0,0.0,0.0,0.0,5.293955920339377e-23,0.0
2024/11/28 14:14:41.112843201,0.0,0.0,0.0,0.0,0.0,0.0,0.0
2024/11/28 14:14:41.120401918,0.0,0.0,0.0,0.0,0.0,2.6469779601696886e-22,0.0
2024/11/28 14:14:41.130495598,0.0,0.0,0.0,0.0,0.0,-2.6469779601696886e-22,0.0
2024/11/28 14:14:41.140592403,0.0,0.0,0.0,0.0,0.0,5.293955920339377e-23,0.0
2024/11/28 14:14:41.152035350,0.0,0.0,0.0,0.0,0.0,-1.0587911840678754e-22,0.0
2024/11/28 14:14:41.161812287,0.0,0.0,0.0,0.0,0.0,1.5881867761018131e-22,0.0
2024/11/28 14:14:41.170547907,0.0,0.0,0.0,0.0,0.0,-1.0587911840678754e-22,0.0
2024/11/28 14:14:41.183749439,0.0,0.0,0.0,0.0,0.0,1.5881867761018131e-22,0.0
2024/11/28 14:14:41.190417797,0.0,0.0,0.0,0.0,0.0,0.0,0.0
2024/11/28 14:14:41.201930340,0.0,0.0,0.0,0.0,0.0,-1.5881867761018131e-22,0.0
2024/11/28 14:14:41.210572959,0.0,0.0,0.0,0.0,0.0,1.5881867761018131e-22,0.0
2024/11/28 14:14:41.220985277,0.0,0.0,0.0,0.0,0.0,5.293955920339377e-23,0.0
2024/11/28 14:14:41.232601630,0.0,0.0,0.0,0.0,0.0,-1.0587911840678754e-22,0.0
2024/11/28 14:14:41.240579328,0.0,0.0,0.0,0.0,0.0,2.117582368135751e-22,0.0
2024/11/28 14:14:41.250713543,0.0,0.0,0.0,0.0,0.0,2.6469779601696886e-22,0.0
2024/11/28 14:14:41.260973548,0.0,0.0,0.0,0.0,0.0,-5.293955920339377e-23,0.0
2024/11/28 14:14:41.270796606,0.0,0.0,0.0,0.0,0.0,1.5881867761018131e-22,0.0
2024/11/28 14:14:41.281474296,0.0,0.0,0.0,0.0,0.0,-2.117582368135751e-22,0.0
2024/11/28 14:14:41.290226771,0.0,0.0,0.0,0.0,0.0,-5.293955920339377e-23,0.0
2024/11/28 14:14:41.300926456,0.0,0.0,0.0,0.0,0.0,-1.0587911840678754e-22,0.0
2024/11/28 14:14:41.312520123,0.0,0.0,0.0,0.0,0.0,-2.6469779601696886e-22,0.0
2024/11/28 14:14:41.320977993,0.0,0.0,0.0,0.0,0.0,3.1763735522036263e-22,0.0
2024/11/28 14:14:41.331328270,0.0,0.0,0.0,0.0,0.0,0.0,0.0
2024/11/28 14:14:41.340516011,0.0,0.0,0.0,0.0,0.0,-3.1763735522036263e-22,0.0
2024/11/28 14:14:41.350480123,0.0,0.0,0.0,0.0,0.0,-5.293955920339377e-23,0.0
2024/11/28 14:14:41.360796477,0.0,0.0,0.0,0.0,0.0,5.293955920339377e-23,0.0
2024/11/28 14:14:41.370581460,0.0,0.0,0.0,0.0,0.0,0.0,0.0
2024/11/28 14:14:41.382667731,0.0,0.0,0.0,0.0,0.0,0.0,0.0
2024/11/28 14:14:41.390507377,0.0,0.0,0.0,0.0,0.0,5.293955920339377e-23,0.0
2024/11/28 14:14:41.400965643,0.0,0.0,0.0,0.0,0.0,-1.5881867761018131e-22,0.0
2024/11/28 14:14:41.410644666,0.0,0.0,0.0,0.0,0.0,-1.0587911840678754e-22,0.0
2024/11/28 14:14:41.420545937,0.0,0.0,0.0,0.0,0.0,1.0587911840678754e-22,0.0
2024/11/28 14:14:41.434025987,0.0,0.0,0.0,0.0,0.0,0.0,0.0
2024/11/28 14:14:41.440626009,0.0,0.0,0.0,0.0,0.0,5.293955920339377e-23,0.0
2024/11/28 14:14:41.450704991,0.0,0.0,0.0,0.0,0.0,5.293955920339377e-23,0.0
2024/11/28 14:14:41.461932010,0.0,0.0,0.0,0.0,0.0,-1.0587911840678754e-22,0.0
2024/11/28 14:14:41.470941698,0.0,0.0,0.0,0.0,0.0,-1.0587911840678754e-22,0.0
2024/11/28 14:14:41.481847590,0.0,0.0,0.0,0.0,0.0,1.5881867761018131e-22,0.0
2024/11/28 14:14:41.490355938,0.0,0.0,0.0,0.0,0.0,-5.293955920339377e-23,0.0
2024/11/28 14:14:41.500656535,0.0,0.0,0.0,0.0,0.0,1.0587911840678754e-22,0.0
2024/11/28 14:14:41.510789039,0.0,0.0,0.0,0.0,0.0,-1.0587911840678754e-22,0.0
2024/11/28 14:14:41.520893826,0.0,0.0,0.0,0.0,0.0,2.117582368135751e-22,0.0
2024/11/28 14:14:41.531308331,0.0,0.0,0.0,0.0,0.0,-5.293955920339377e-23,0.0
2024/11/28 14:14:41.540574221,0.0,0.0,0.0,0.0,0.0,-5.293955920339377e-23,0.0
2024/11/28 14:14:41.550735664,0.0,0.0,0.0,0.0,0.0,-5.293955920339377e-23,0.0
2024/11/28 14:14:41.561945386,0.0,0.0,0.0,0.0,0.0,0.0,0.0
2024/11/28 14:14:41.570478064,0.0,0.0,0.0,0.0,0.0,-1.0587911840678754e-22,0.0
2024/11/28 14:14:41.582775849,0.0,0.0,0.0,0.0,0.0,0.0,0.0
2024/11/28 14:14:41.590674147,0.0,0.0,0.0,0.0,0.0,1.5881867761018131e-22,0.0
2024/11/28 14:14:41.602178919,0.0,0.0,0.0,0.0,0.0,-5.293955920339377e-23,0.0
2024/11/28 14:14:41.610940781,0.0,0.0,0.0,0.0,0.0,2.6469779601696886e-22,0.0
2024/11/28 14:14:41.620653225,0.0,0.0,0.0,0.0,0.0,-3.1763735522036263e-22,0.0
2024/11/28 14:14:41.631116345,0.0,0.0,0.0,0.0,0.0,0.0,0.0
2024/11/28 14:14:41.640320858,0.0,0.0,0.0,0.0,0.0,1.0587911840678754e-22,0.0
2024/11/28 14:14:41.650757297,0.0,0.0,0.0,0.0,0.0,1.0587911840678754e-22,0.0
2024/11/28 14:14:41.660708737,0.0,0.0,0.0,0.0,0.0,-5.293955920339377e-23,0.0
2024/11/28 14:14:41.670539269,0.0,0.0,0.0,0.0,0.0,-1.0587911840678754e-22,0.0
2024/11/28 14:14:41.681392501,0.0,0.0,0.0,0.0,0.0,-1.0587911840678754e-22,0.0
2024/11/28 14:14:41.690483143,0.0,0.0,0.0,0.0,0.0,1.5881867761018131e-22,0.0
2024/11/28 14:14:41.700723448,0.0,0.0,0.0,0.0,0.0,-5.293955920339377e-23,0.0
2024/11/28 14:14:41.710978252,0.0,0.0,0.0,0.0,0.0,-1.0587911840678754e-22,0.0
2024/11/28 14:14:41.720855285,0.0,0.0,0.0,0.0,0.0,1.0587911840678754e-22,0.0
2024/11/28 14:14:41.730782505,0.0,0.0,0.0,0.0,0.0,3.705769144237564e-22,0.0
2024/11/28 14:14:41.740292118,0.0,0.0,0.0,0.0,0.0,-4.235164736271502e-22,0.0
2024/11/28 14:14:41.757729330,0.0,0.0,0.0,0.0,0.0,-5.293955920339377e-23,0.0
2024/11/28 14:14:41.760809423,0.0,0.0,0.0,0.0,0.0,5.293955920339377e-23,0.0
2024/11/28 14:14:41.770443103,0.0,0.0,0.0,0.0,0.0,-1.0587911840678754e-22,0.0
2024/11/28 14:14:41.781140389,0.0,0.0,0.0,0.0,0.0,1.0587911840678754e-22,0.0
2024/11/28 14:14:41.790538865,0.0,0.0,0.0,0.0,0.0,1.5881867761018131e-22,0.0
2024/11/28 14:14:41.801705851,0.0,0.0,0.0,0.0,0.0,5.293955920339377e-23,0.0
2024/11/28 14:14:41.810439177,0.0,0.0,0.0,0.0,0.0,-1.0587911840678754e-22,0.0
2024/11/28 14:14:41.821328080,0.0,0.0,0.0,0.0,0.0,-5.293955920339377e-23,0.0
2024/11/28 14:14:41.831416177,0.0,0.0,0.0,0.0,0.0,5.293955920339377e-23,0.0
2024/11/28 14:14:41.840487637,0.0,0.0,0.0,0.0,0.0,1.0587911840678754e-22,0.0
2024/11/28 14:14:41.850643500,0.0,0.0,0.0,0.0,0.0,-1.0587911840678754e-22,0.0
2024/11/28 14:14:41.861774283,0.0,0.0,0.0,0.0,0.0,1.0587911840678754e-22,0.0
2024/11/28 14:14:41.870644409,0.0,0.0,0.0,0.0,0.0,-1.0587911840678754e-22,0.0
2024/11/28 14:14:41.881090575,0.0,0.0,0.0,0.0,0.0,5.293955920339377e-23,0.0
2024/11/28 14:14:41.890389965,0.0,0.0,0.0,0.0,0.0,3.1763735522036263e-22,0.0
2024/11/28 14:14:41.900811209,0.0,0.0,0.0,0.0,0.0,0.0,0.0
2024/11/28 14:14:41.910982762,0.0,0.0,0.0,0.0,0.0,-3.705769144237564e-22,0.0
2024/11/28 14:14:41.920588194,0.0,0.0,0.0,0.0,0.0,-2.6469779601696886e-22,0.0
2024/11/28 14:14:41.930954927,0.0,0.0,0.0,0.0,0.0,2.6469779601696886e-22,0.0
2024/11/28 14:14:41.940518757,0.0,0.0,0.0,0.0,0.0,-5.293955920339377e-23,0.0
2024/11/28 14:14:41.950835239,0.0,0.0,0.0,0.0,0.0,0.0,0.0
2024/11/28 14:14:41.960453928,0.0,0.0,0.0,0.0,0.0,-1.0587911840678754e-22,0.0
2024/11/28 14:14:41.970431000,0.0,0.0,0.0,0.0,0.0,5.293955920339377e-23,0.0
2024/11/28 14:14:41.981874270,0.0,0.0,0.0,0.0,0.0,1.5881867761018131e-22,0.0
2024/11/28 14:14:41.990520419,0.0,0.0,0.0,0.0,0.0,5.293955920339377e-23,0.0
2024/11/28 14:14:42.500385,0.0,0.0,0.0,0.0,0.0,1.0587911840678754e-22,0.0
2024/11/28 14:14:42.10600463,0.0,0.0,0.0,0.0,0.0,0.0,0.0
2024/11/28 14:14:42.20496195,0.0,0.0,0.0,0.0,0.0,-2.117582368135751e-22,0.0
2024/11/28 14:14:42.31422535,0.0,0.0,0.0,0.0,0.0,-1.5881867761018131e-22,0.0
2024/11/28 14:14:42.40609657,0.0,0.0,0.0,0.0,0.0,0.0,0.0
2024/11/28 14:14:42.50743042,0.0,0.0,0.0,0.0,0.0,5.293955920339377e-23,0.0
2024/11/28 14:14:42.60700969,0.0,0.0,0.0,0.0,0.0,-1.5881867761018131e-22,0.0
2024/11/28 14:14:42.70809701,0.0,0.0,0.0,0.0,0.0,2.117582368135751e-22,0.0
2024/11/28 14:14:42.81763221,0.0,0.0,0.0,0.0,0.0,5.293955920339377e-23,0.0
2024/11/28 14:14:42.90773281,0.0,0.0,0.0,0.0,0.0,1.0587911840678754e-22,0.0
2024/11/28 14:14:42.100877133,0.0,0.0,0.0,0.0,0.0,-1.0587911840678754e-22,0.0
2024/11/28 14:14:42.110699813,0.0,0.0,0.0,0.0,0.0,-5.293955920339377e-23,0.0
2024/11/28 14:14:42.120714770,0.0,0.0,0.0,0.0,0.0,-5.293955920339377e-23,0.0
2024/11/28 14:14:42.131757361,0.0,0.0,0.0,0.0,0.0,1.5881867761018131e-22,0.0
2024/11/28 14:14:42.140521154,0.0,0.0,0.0,0.0,0.0,-1.0587911840678754e-22,0.0
2024/11/28 14:14:42.150511699,0.0,0.0,0.0,0.0,0.0,1.5881867761018131e-22,0.0
2024/11/28 14:14:42.160409266,0.0,0.0,0.0,0.0,0.0,5.293955920339377e-23,0.0
2024/11/28 14:14:42.170657112,0.0,0.0,0.0,0.0,0.0,-1.0587911840678754e-22,0.0
2024/11/28 14:14:42.180918169,0.0,0.0,0.0,0.0,0.0,0.0,0.0
2024/11/28 14:14:42.190786155,0.0,0.0,0.0,0.0,0.0,-5.293955920339377e-23,0.0
2024/11/28 14:14:42.201113276,0.0,0.0,0.0,0.0,0.0,0.0,0.0
2024/11/28 14:14:42.210634972,0.0,0.0,0.0,0.0,0.0,5.293955920339377e-23,0.0
2024/11/28 14:14:42.220675179,0.0,0.0,0.0,0.0,0.0,5.293955920339377e-23,0.0
2024/11/28 14:14:42.232306448,0.0,0.0,0.0,0.0,0.0,-4.235164736271502e-22,0.0
2024/11/28 14:14:42.240638629,0.0,0.0,0.0,0.0,0.0,1.0587911840678754e-22,0.0
2024/11/28 14:14:42.250843865,0.0,0.0,0.0,0.0,0.0,0.0,0.0
2024/11/28 14:14:42.261003098,0.0,0.0,0.0,0.0,0.0,0.0,0.0
2024/11/28 14:14:42.270742325,0.0,0.0,0.0,0.0,0.0,-1.0587911840678754e-22,0.0
2024/11/28 14:14:42.282130378,0.0,0.0,0.0,0.0,0.0,2.6469779601696886e-22,0.0
2024/11/28 14:14:42.290226517,0.0,0.0,0.0,0.0,0.0,1.0587911840678754e-22,0.0
2024/11/28 14:14:42.300637863,0.0,0.0,0.0,0.0,0.0,-1.0587911840678754e-22,0.0
2024/11/28 14:14:42.310655678,0.0,0.0,0.0,0.0,0.0,1.5881867761018131e-22,0.0
2024/11/28 14:14:42.320576280,0.0,0.0,0.0,0.0,0.0,0.0,0.0
2024/11/28 14:14:42.332245600,0.0,0.0,0.0,0.0,0.0,-1.0587911840678754e-22,0.0
2024/11/28 14:14:42.340528819,0.0,0.0,0.0,0.0,0.0,1.5881867761018131e-22,0.0
2024/11/28 14:14:42.350889309,0.0,0.0,0.0,0.0,0.0,-1.0587911840678754e-22,0.0
2024/11/28 14:14:42.361731153,0.0,0.0,0.0,0.0,0.0,-1.0587911840678754e-22,0.0
2024/11/28 14:14:42.370861197,0.0,0.0,0.0,0.0,0.0,1.0587911840678754e-22,0.0
2024/11/28 14:14:42.381545806,0.0,0.0,0.0,0.0,0.0,-5.293955920339377e-23,0.0
2024/11/28 14:14:42.390769910,0.0,0.0,0.0,0.0,0.0,1.0587911840678754e-22,0.0
2024/11/28 14:14:42.401631999,0.0,0.0,0.0,0.0,0.0,-1.5881867761018131e-22,0.0
2024/11/28 14:14:42.410916468,0.0,0.0,0.0,0.0,0.0,-5.293955920339377e-23,0.0
2024/11/28 14:14:42.420928613,0.0,0.0,0.0,0.0,0.0,0.0,0.0
2024/11/28 14:14:42.430980712,0.0,0.0,0.0,0.0,0.0,3.1763735522036263e-22,0.0
2024/11/28 14:14:42.440914773,0.0,0.0,0.0,0.0,0.0,-1.0587911840678754e-22,0.0
2024/11/28 14:14:42.450466938,0.0,0.0,0.0,0.0,0.0,1.5881867761018131e-22,0.0
2024/11/28 14:14:42.460874610,0.0,0.0,0.0,0.0,0.0,0.0,0.0
2024/11/28 14:14:42.471041801,0.0,0.0,0.0,0.0,0.0,-5.293955920339377e-23,0.0
2024/11/28 14:14:42.480840196,0.0,0.0,0.0,0.0,0.0,1.0587911840678754e-22,0.0
2024/11/28 14:14:42.491038181,0.0,0.0,0.0,0.0,0.0,-1.5881867761018131e-22,0.0
2024/11/28 14:14:42.500982802,0.0,0.0,0.0,0.0,0.0,5.293955920339377e-23,0.0
2024/11/28 14:14:42.511207347,0.0,0.0,0.0,0.0,0.0,-2.117582368135751e-22,0.0
2024/11/28 14:14:42.521244202,0.0,0.0,0.0,0.0,0.0,5.293955920339377e-23,0.0
2024/11/28 14:14:42.531160773,0.0,0.0,0.0,0.0,0.0,-5.293955920339377e-23,0.0
2024/11/28 14:14:42.540671967,0.0,0.0,0.0,0.0,0.0,-1.0587911840678754e-22,0.0
2024/11/28 14:14:42.555688693,0.0,0.0,0.0,0.0,0.0,5.293955920339377e-23,0.0
2024/11/28 14:14:42.560522125,0.0,0.0,0.0,0.0,0.0,0.0,0.0
2024/11/28 14:14:42.570400092,0.0,0.0,0.0,0.0,0.0,3.705769144237564e-22,0.0
2024/11/28 14:14:42.580943787,0.0,0.0,0.0,0.0,0.0,1.0587911840678754e-22,0.0
2024/11/28 14:14:42.590947410,0.0,0.0,0.0,0.0,0.0,5.293955920339377e-23,0.0
2024/11/28 14:14:42.600901037,0.0,0.0,0.0,0.0,0.0,-2.6469779601696886e-22,0.0
2024/11/28 14:14:42.610972686,0.0,0.0,0.0,0.0,0.0,-2.6469779601696886e-22,0.0
2024/11/28 14:14:42.621001650,0.0,0.0,0.0,0.0,0.0,1.5881867761018131e-22,0.0
2024/11/28 14:14:42.631413847,0.0,0.0,0.0,0.0,0.0,0.0,0.0
2024/11/28 14:14:42.640547437,0.0,0.0,0.0,0.0,0.0,1.0587911840678754e-22,0.0
2024/11/28 14:14:42.650896695,0.0,0.0,0.0,0.0,0.0,-2.117582368135751e-22,0.0
2024/11/28 14:14:42.661198781,0.0,0.0,0.0,0.0,0.0,1.0587911840678754e-22,0.0
2024/11/28 14:14:42.670528065,0.0,0.0,0.0,0.0,0.0,1.0587911840678754e-22,0.0
2024/11/28 14:14:42.681958176,0.0,0.0,0.0,0.0,0.0,1.0587911840678754e-22,0.0
2024/11/28 14:14:42.690854314,0.0,0.0,0.0,0.0,0.0,-4.764560328305439e-22,0.0
2024/11/28 14:14:42.700754321,0.0,0.0,0.0,0.0,0.0,-5.293955920339377e-23,0.0
2024/11/28 14:14:42.710631020,0.0,0.0,0.0,0.0,0.0,-5.293955920339377e-23,0.0
2024/11/28 14:14:42.720933722,0.0,0.0,0.0,0.0,0.0,3.705769144237564e-22,0.0
2024/11/28 14:14:42.733650288,0.0,0.0,0.0,0.0,0.0,-2.117582368135751e-22,0.0
2024/11/28 14:14:42.740519960,0.0,0.0,0.0,0.0,0.0,5.293955920339377e-23,0.0
2024/11/28 14:14:42.750612546,0.0,0.0,0.0,0.0,0.0,0.0,0.0
2024/11/28 14:14:42.760839530,0.0,0.0,0.0,0.0,0.0,0.0,0.0
2024/11/28 14:14:42.770954084,0.0,0.0,0.0,0.0,0.0,1.0587911840678754e-22,0.0
2024/11/28 14:14:42.780741159,0.0,0.0,0.0,0.0,0.0,1.5881867761018131e-22,0.0
2024/11/28 14:14:42.790195563,0.0,0.0,0.0,0.0,0.0,-2.117582368135751e-22,0.0
2024/11/28 14:14:42.803104299,0.0,0.0,0.0,0.0,0.0,-1.0587911840678754e-22,0.0
2024/11/28 14:14:42.810824474,0.0,0.0,0.0,0.0,0.0,1.0587911840678754e-22,0.0
2024/11/28 14:14:42.820456244,0.0,0.0,0.0,0.0,0.0,1.0587911840678754e-22,0.0
2024/11/28 14:14:42.830890593,0.0,0.0,0.0,0.0,0.0,-1.0587911840678754e-22,0.0
2024/11/28 14:14:42.840785355,0.0,0.0,0.0,0.0,0.0,0.0,0.0
2024/11/28 14:14:42.850868011,0.0,0.0,0.0,0.0,0.0,-2.117582368135751e-22,0.0
2024/11/28 14:14:42.860818907,0.0,0.0,0.0,0.0,0.0,-5.293955920339377e-23,0.0
2024/11/28 14:14:42.870849265,0.0,0.0,0.0,0.0,0.0,2.6469779601696886e-22,0.0
2024/11/28 14:14:42.881098024,0.0,0.0,0.0,0.0,0.0,1.0587911840678754e-22,0.0
2024/11/28 14:14:42.890417883,0.0,0.0,0.0,0.0,0.0,-2.117582368135751e-22,0.0
2024/11/28 14:14:42.900541360,0.0,0.0,0.0,0.0,0.0,1.0587911840678754e-22,0.0
2024/11/28 14:14:42.910947723,0.0,0.0,0.0,0.0,0.0,0.0,0.0
2024/11/28 14:14:42.920727534,0.0,0.0,0.0,0.0,0.0,1.0587911840678754e-22,0.0
2024/11/28 14:14:42.931453359,0.0,0.0,0.0,0.0,0.0,0.0,0.0
2024/11/28 14:14:42.940869609,0.0,0.0,0.0,0.0,0.0,-1.0587911840678754e-22,0.0
2024/11/28 14:14:42.950598657,0.0,0.0,0.0,0.0,0.0,-2.117582368135751e-22,0.0
2024/11/28 14:14:42.961050249,0.0,0.0,0.0,0.0,0.0,2.117582368135751e-22,0.0
2024/11/28 14:14:42.970645674,0.0,0.0,0.0,0.0,0.0,0.0,0.0
2024/11/28 14:14:42.983411539,0.0,0.0,0.0,0.0,0.0,0.0,0.0
2024/11/28 14:14:42.990425704,0.0,0.0,0.0,0.0,0.0,-2.117582368135751e-22,0.0
2024/11/28 14:14:43.906457,0.0,0.0,0.0,0.0,0.0,1.0587911840678754e-22,0.0
2024/11/28 14:14:43.11006618,0.0,0.0,0.0,0.0,0.0,3.1763735522036263e-22,0.0
2024/11/28 14:14:43.22023856,0.0,0.0,0.0,0.0,0.0,5.293955920339377e-23,0.0
2024/11/28 14:14:43.32462411,0.0,0.0,0.0,0.0,0.0,-2.117582368135751e-22,0.0
2024/11/28 14:14:43.40483239,0.0,0.0,0.0,0.0,0.0,-5.293955920339377e-23,0.0
2024/11/28 14:14:43.50787763,0.0,0.0,0.0,0.0,0.0,0.0,0.0
2024/11/28 14:14:43.60791566,0.0,0.0,0.0,0.0,0.0,3.705769144237564e-22,0.0
2024/11/28 14:14:43.70894539,0.0,0.0,0.0,0.0,0.0,-1.0587911840678754e-22,0.0
2024/11/28 14:14:43.82096599,0.0,0.0,0.0,0.0,0.0,-2.117582368135751e-22,0.0
2024/11/28 14:14:43.90925057,0.0,0.0,0.0,0.0,0.0,1.0587911840678754e-22,0.0
2024/11/28 14:14:43.100637610,0.0,0.0,0.0,0.0,0.0,-1.5881867761018131e-22,0.0
2024/11/28 14:14:43.111275605,0.0,0.0,0.0,0.0,0.0,0.0,0.0
2024/11/28 14:14:43.120891275,0.0,0.0,0.0,0.0,0.0,2.117582368135751e-22,0.0
2024/11/28 14:14:43.130776770,0.0,0.0,0.0,0.0,0.0,1.0587911840678754e-22,0.0
2024/11/28 14:14:43.140645134,0.0,0.0,0.0,0.0,0.0,1.0587911840678754e-22,0.0
2024/11/28 14:14:43.152214414,0.0,0.0,0.0,0.0,0.0,0.0,0.0
2024/11/28 14:14:43.160687900,0.0,0.0,0.0,0.0,0.0,0.0,0.0
2024/11/28 14:14:43.170487320,0.0,0.0,0.0,0.0,0.0,0.0,0.0
2024/11/28 14:14:43.181280754,0.0,0.0,0.0,0.0,0.0,-1.5881867761018131e-22,0.0
2024/11/28 14:14:43.191010803,0.0,0.0,0.0,0.0,0.0,2.6469779601696886e-22,0.0
2024/11/28 14:14:43.200954592,0.0,0.0,0.0,0.0,0.0,0.0,0.0
2024/11/28 14:14:43.215192503,0.0,0.0,0.0,0.0,0.0,2.117582368135751e-22,0.0
2024/11/28 14:14:43.220538005,0.0,0.0,0.0,0.0,0.0,5.293955920339377e-23,0.0
2024/11/28 14:14:43.230719073,0.0,0.0,0.0,0.0,0.0,-5.823351512373315e-22,0.0
2024/11/28 14:14:43.240363803,0.0,0.0,0.0,0.0,0.0,-1.0587911840678754e-22,0.0
2024/11/28 14:14:43.252493969,0.0,0.0,0.0,0.0,0.0,0.0,0.0
2024/11/28 14:14:43.260730030,0.0,0.0,0.0,0.0,0.0,-1.0587911840678754e-22,0.0
2024/11/28 14:14:43.270752412,0.0,0.0,0.0,0.0,0.0,-1.5881867761018131e-22,0.0
2024/11/28 14:14:43.282212233,0.0,0.0,0.0,0.0,0.0,-1.0587911840678754e-22,0.0
2024/11/28 14:14:43.290424043,0.0,0.0,0.0,0.0,0.0,5.293955920339377e-22,0.0
2024/11/28 14:14:43.300656401,0.0,0.0,0.0,0.0,0.0,2.117582368135751e-22,0.0
2024/11/28 14:14:43.310540604,0.0,0.0,0.0,0.0,0.0,2.6469779601696886e-22,0.0
2024/11/28 14:14:43.320917267,0.0,0.0,0.0,0.0,0.0,-2.6469779601696886e-22,0.0
2024/11/28 14:14:43.331278717,0.0,0.0,0.0,0.0,0.0,-4.764560328305439e-22,0.0
2024/11/28 14:14:43.340656963,0.0,0.0,0.0,0.0,0.0,0.0,0.0
2024/11/28 14:14:43.351882146,0.0,0.0,0.0,0.0,0.0,1.0587911840678754e-22,0.0
2024/11/28 14:14:43.360736869,0.0,0.0,0.0,0.0,0.0,-3.705769144237564e-22,0.0
2024/11/28 14:14:43.370875562,0.0,0.0,0.0,0.0,0.0,1.0587911840678754e-22,0.0
2024/11/28 14:14:43.381372525,0.0,0.0,0.0,0.0,0.0,2.117582368135751e-22,0.0
2024/11/28 14:14:43.390672076,0.0,0.0,0.0,0.0,0.0,0.0,0.0
2024/11/28 14:14:43.400616621,0.0,0.0,0.0,0.0,0.0,2.6469779601696886e-22,0.0
2024/11/28 14:14:43.410371897,0.0,0.0,0.0,0.0,0.0,-1.5881867761018131e-22,0.0
2024/11/28 14:14:43.420525803,0.0,0.0,0.0,0.0,0.0,-5.293955920339377e-23,0.0
2024/11/28 14:14:43.431290122,0.0,0.0,0.0,0.0,0.0,-1.0587911840678754e-22,0.0
2024/11/28 14:14:43.440388156,0.0,0.0,0.0,0.0,0.0,-1.0587911840678754e-22,0.0
2024/11/28 14:14:43.451624355,0.0,0.0,0.0,0.0,0.0,-1.0587911840678754e-22,0.0
2024/11/28 14:14:43.460392078,0.0,0.0,0.0,0.0,0.0,3.1763735522036263e-22,0.0
2024/11/28 14:14:43.470508235,0.0,0.0,0.0,0.0,0.0,1.5881867761018131e-22,0.0
2024/11/28 14:14:43.481379306,0.0,0.0,0.0,0.0,0.0,1.0587911840678754e-22,0.0
2024/11/28 14:14:43.491029343,0.0,0.0,0.0,0.0,0.0,0.0,0.0
2024/11/28 14:14:43.500855490,0.0,0.0,0.0,0.0,0.0,-3.705769144237564e-22,0.0
2024/11/28 14:14:43.511305733,0.0,0.0,0.0,0.0,0.0,-2.117582368135751e-22,0.0
2024/11/28 14:14:43.520523997,0.0,0.0,0.0,0.0,0.0,-1.5881867761018131e-22,0.0
2024/11/28 14:14:43.532104088,0.0,0.0,0.0,0.0,0.0,-5.293955920339377e-23,0.0
2024/11/28 14:14:43.540610503,0.0,0.0,0.0,0.0,0.0,3.1763735522036263e-22,0.0
2024/11/28 14:14:43.551159136,0.0,0.0,0.0,0.0,0.0,0.0,0.0
2024/11/28 14:14:43.560343067,0.0,0.0,0.0,0.0,0.0,1.5881867761018131e-22,0.0
2024/11/28 14:14:43.570794624,0.0,0.0,0.0,0.0,0.0,5.293955920339377e-23,0.0
2024/11/28 14:14:43.582417978,0.0,0.0,0.0,0.0,0.0,-5.293955920339377e-23,0.0
2024/11/28 14:14:43.590791174,0.0,0.0,0.0,0.0,0.0,-3.1763735522036263e-22,0.0
2024/11/28 14:14:43.601360087,0.0,0.0,0.0,0.0,0.0,5.293955920339377e-23,0.0
2024/11/28 14:14:43.611217908,0.0,0.0,0.0,0.0,0.0,0.0,0.0
2024/11/28 14:14:43.620711226,0.0,0.0,0.0,0.0,0.0,1.0587911840678754e-22,0.0
2024/11/28 14:14:43.633309538,0.0,0.0,0.0,0.0,0.0,-1.5881867761018131e-22,0.0
2024/11/28 14:14:43.640578244,0.0,0.0,0.0,0.0,0.0,1.5881867761018131e-22,0.0
2024/11/28 14:14:43.650846536,0.0,0.0,0.0,0.0,0.0,-1.5881867761018131e-22,0.0
2024/11/28 14:14:43.663360564,0.0,0.0,0.0,0.0,0.0,3.1763735522036263e-22,0.0
2024/11/28 14:14:43.670836840,0.0,0.0,0.0,0.0,0.0,1.5881867761018131e-22,0.0
2024/11/28 14:14:43.681096429,0.0,0.0,0.0,0.0,0.0,5.293955920339377e-23,0.0
2024/11/28 14:14:43.690720629,0.0,0.0,0.0,0.0,0.0,-1.0587911840678754e-22,0.0
2024/11/28 14:14:43.700643049,0.0,0.0,0.0,0.0,0.0,-5.293955920339377e-23,0.0
2024/11/28 14:14:43.710760547,0.0,0.0,0.0,0.0,0.0,-1.0587911840678754e-22,0.0
2024/11/28 14:14:43.720652469,0.0,0.0,0.0,0.0,0.0,2.117582368135751e-22,0.0
2024/11/28 14:14:43.731885818,0.0,0.0,0.0,0.0,0.0,-1.0587911840678754e-22,0.0
2024/11/28 14:14:43.740254478,0.0,0.0,0.0,0.0,0.0,-5.293955920339377e-23,0.0
2024/11/28 14:14:43.750579709,0.0,0.0,0.0,0.0,0.0,-1.0587911840678754e-22,0.0
2024/11/28 14:14:43.760524542,0.0,0.0,0.0,0.0,0.0,2.117582368135751e-22,0.0
2024/11/28 14:14:43.770726802,0.0,0.0,0.0,0.0,0.0,-4.235164736271502e-22,0.0
2024/11/28 14:14:43.783539177,0.0,0.0,0.0,0.0,0.0,0.0,0.0
2024/11/28 14:14:43.790283684,0.0,0.0,0.0,0.0,0.0,1.0587911840678754e-22,0.0
2024/11/28 14:14:43.801306465,0.0,0.0,0.0,0.0,0.0,-1.0587911840678754e-22,0.0
2024/11/28 14:14:43.811340473,0.0,0.0,0.0,0.0,0.0,2.6469779601696886e-22,0.0
2024/11/28 14:14:43.820889907,0.0,0.0,0.0,0.0,0.0,0.0,0.0
2024/11/28 14:14:43.834667885,0.0,0.0,0.0,0.0,0.0,5.293955920339377e-23,0.0
2024/11/28 14:14:43.840724066,0.0,0.0,0.0,0.0,0.0,-1.5881867761018131e-22,0.0
2024/11/28 14:14:43.850623657,0.0,0.0,0.0,0.0,0.0,1.0587911840678754e-22,0.0
2024/11/28 14:14:43.863389837,0.0,0.0,0.0,0.0,0.0,0.0,0.0
2024/11/28 14:14:43.871339163,0.0,0.0,0.0,0.0,0.0,0.0,0.0
2024/11/28 14:14:43.880494458,0.0,0.0,0.0,0.0,0.0,-5.293955920339377e-23,0.0
2024/11/28 14:14:43.890425143,0.0,0.0,0.0,0.0,0.0,0.0,0.0
2024/11/28 14:14:43.903900649,0.0,0.0,0.0,0.0,0.0,1.0587911840678754e-22,0.0
2024/11/28 14:14:43.910643382,0.0,0.0,0.0,0.0,0.0,1.0587911840678754e-22,0.0
2024/11/28 14:14:43.920926434,0.0,0.0,0.0,0.0,0.0,-2.6469779601696886e-22,0.0
2024/11/28 14:14:43.931027873,0.0,0.0,0.0,0.0,0.0,-5.293955920339377e-23,0.0
2024/11/28 14:14:43.940703759,0.0,0.0,0.0,0.0,0.0,1.0587911840678754e-22,0.0
2024/11/28 14:14:43.950843132,0.0,0.0,0.0,0.0,0.0,5.293955920339377e-23,0.0
2024/11/28 14:14:43.961355920,0.0,0.0,0.0,0.0,0.0,-1.0587911840678754e-22,0.0
2024/11/28 14:14:43.970462690,0.0,0.0,0.0,0.0,0.0,2.117582368135751e-22,0.0
2024/11/28 14:14:43.981207912,0.0,0.0,0.0,0.0,0.0,-1.5881867761018131e-22,0.0
2024/11/28 14:14:43.990781906,0.0,0.0,0.0,0.0,0.0,5.293955920339377e-23,0.0
2024/11/28 14:14:44.1004864,0.0,0.0,0.0,0.0,0.0,-5.293955920339377e-23,0.0
2024/11/28 14:14:44.10272559,0.0,0.0,0.0,0.0,0.0,5.293955920339377e-23,0.0
2024/11/28 14:14:44.20777941,0.0,0.0,0.0,0.0,0.0,-1.0587911840678754e-22,0.0
2024/11/28 14:14:44.31005892,0.0,0.0,0.0,0.0,0.0,1.5881867761018131e-22,0.0
2024/11/28 14:14:44.40768978,0.0,0.0,0.0,0.0,0.0,2.6469779601696886e-22,0.0
2024/11/28 14:14:44.51017047,0.0,0.0,0.0,0.0,0.0,1.0587911840678754e-22,0.0
2024/11/28 14:14:44.60587326,0.0,0.0,0.0,0.0,0.0,-3.1763735522036263e-22,0.0
2024/11/28 14:14:44.70523308,0.0,0.0,0.0,0.0,0.0,1.0587911840678754e-22,0.0
2024/11/28 14:14:44.81313651,0.0,0.0,0.0,0.0,0.0,0.0,0.0
2024/11/28 14:14:44.90739850,0.0,0.0,0.0,0.0,0.0,5.293955920339377e-22,0.0
2024/11/28 14:14:44.100619781,0.0,0.0,0.0,0.0,0.0,-1.0587911840678754e-22,0.0
2024/11/28 14:14:44.110160305,0.0,0.0,0.0,0.0,0.0,-5.293955920339377e-23,0.0
2024/11/28 14:14:44.120937369,0.0,0.0,0.0,0.0,0.0,-4.235164736271502e-22,0.0
2024/11/28 14:14:44.135828575,0.0,0.0,0.0,0.0,0.0,-2.117582368135751e-22,0.0
2024/11/28 14:14:44.141606839,0.0,0.0,0.0,0.0,0.0,-5.293955920339377e-23,0.0
2024/11/28 14:14:44.150702742,0.0,0.0,0.0,0.0,0.0,0.0,0.0
2024/11/28 14:14:44.164260949,0.0,0.0,0.0,0.0,0.0,1.5881867761018131e-22,0.0
2024/11/28 14:14:44.175598132,0.0,0.0,0.0,0.0,0.0,-5.293955920339377e-23,0.0
2024/11/28 14:14:44.180838703,0.0,0.0,0.0,0.0,0.0,3.705769144237564e-22,0.0
2024/11/28 14:14:44.190405436,0.0,0.0,0.0,0.0,0.0,5.293955920339377e-23,0.0
2024/11/28 14:14:44.200590902,0.0,0.0,0.0,0.0,0.0,-1.0587911840678754e-22,0.0
2024/11/28 14:14:44.210408192,0.0,0.0,0.0,0.0,0.0,1.5881867761018131e-22,0.0
2024/11/28 14:14:44.221514906,0.0,0.0,0.0,0.0,0.0,5.293955920339377e-23,0.0
2024/11/28 14:14:44.232494063,0.0,0.0,0.0,0.0,0.0,-5.293955920339377e-23,0.0
2024/11/28 14:14:44.240525017,0.0,0.0,0.0,0.0,0.0,-1.5881867761018131e-22,0.0
2024/11/28 14:14:44.251165509,0.0,0.0,0.0,0.0,0.0,0.0,0.0
2024/11/28 14:14:44.260715101,0.0,0.0,0.0,0.0,0.0,-5.293955920339377e-23,0.0
2024/11/28 14:14:44.271216612,0.0,0.0,0.0,0.0,0.0,-5.293955920339377e-23,0.0
2024/11/28 14:14:44.281602347,0.0,0.0,0.0,0.0,0.0,1.0587911840678754e-22,0.0
2024/11/28 14:14:44.290700876,0.0,0.0,0.0,0.0,0.0,-1.5881867761018131e-22,0.0
2024/11/28 14:14:44.300938483,0.0,0.0,0.0,0.0,0.0,-1.0587911840678754e-22,0.0
2024/11/28 14:14:44.310876321,0.0,0.0,0.0,0.0,0.0,2.117582368135751e-22,0.0
2024/11/28 14:14:44.320938248,0.0,0.0,0.0,0.0,0.0,0.0,0.0
2024/11/28 14:14:44.330782284,0.0,0.0,0.0,0.0,0.0,5.293955920339377e-23,0.0
2024/11/28 14:14:44.340901401,0.0,0.0,0.0,0.0,0.0,0.0,0.0
2024/11/28 14:14:44.350430476,0.0,0.0,0.0,0.0,0.0,-2.6469779601696886e-22,0.0
2024/11/28 14:14:44.360570909,0.0,0.0,0.0,0.0,0.0,-2.117582368135751e-22,0.0
2024/11/28 14:14:44.370548115,0.0,0.0,0.0,0.0,0.0,-5.293955920339377e-23,0.0
2024/11/28 14:14:44.381956271,0.0,0.0,0.0,0.0,0.0,-1.0587911840678754e-22,0.0
2024/11/28 14:14:44.390571136,0.0,0.0,0.0,0.0,0.0,-5.293955920339377e-23,0.0
2024/11/28 14:14:44.400404120,0.0,0.0,0.0,0.0,0.0,5.293955920339377e-23,0.0
2024/11/28 14:14:44.410534607,0.0,0.0,0.0,0.0,0.0,4.235164736271502e-22,0.0
2024/11/28 14:14:44.420721075,0.0,0.0,0.0,0.0,0.0,-2.6469779601696886e-22,0.0
2024/11/28 14:14:44.432641735,0.0,0.0,0.0,0.0,0.0,0.0,0.0
2024/11/28 14:14:44.440508837,0.0,0.0,0.0,0.0,0.0,3.705769144237564e-22,0.0
2024/11/28 14:14:44.450728854,0.0,0.0,0.0,0.0,0.0,-1.0587911840678754e-22,0.0
2024/11/28 14:14:44.460485033,0.0,0.0,0.0,0.0,0.0,-1.0587911840678754e-22,0.0
2024/11/28 14:14:44.470467900,0.0,0.0,0.0,0.0,0.0,0.0,0.0
2024/11/28 14:14:44.481781190,0.0,0.0,0.0,0.0,0.0,-1.5881867761018131e-22,0.0
2024/11/28 14:14:44.490700561,0.0,0.0,0.0,0.0,0.0,-1.5881867761018131e-22,0.0
2024/11/28 14:14:44.500431945,0.0,0.0,0.0,0.0,0.0,0.0,0.0
2024/11/28 14:14:44.511881782,0.0,0.0,0.0,0.0,0.0,-5.293955920339377e-23,0.0
2024/11/28 14:14:44.520494087,0.0,0.0,0.0,0.0,0.0,5.293955920339377e-23,0.0
2024/11/28 14:14:44.531991702,0.0,0.0,0.0,0.0,0.0,2.117582368135751e-22,0.0
2024/11/28 14:14:44.540620610,0.0,0.0,0.0,0.0,0.0,1.0587911840678754e-22,0.0
2024/11/28 14:14:44.551280437,0.0,0.0,0.0,0.0,0.0,0.0,0.0
2024/11/28 14:14:44.560653428,0.0,0.0,0.0,0.0,0.0,5.293955920339377e-23,0.0
2024/11/28 14:14:44.570437573,0.0,0.0,0.0,0.0,0.0,5.293955920339377e-23,0.0
2024/11/28 14:14:44.582412059,0.0,0.0,0.0,0.0,0.0,1.5881867761018131e-22,0.0
2024/11/28 14:14:44.590703053,0.0,0.0,0.0,0.0,0.0,5.293955920339377e-23,0.0
2024/11/28 14:14:44.600701641,0.0,0.0,0.0,0.0,0.0,-3.1763735522036263e-22,0.0
2024/11/28 14:14:44.610725839,0.0,0.0,0.0,0.0,0.0,-1.0587911840678754e-22,0.0
2024/11/28 14:14:44.620622538,0.0,0.0,0.0,0.0,0.0,1.0587911840678754e-22,0.0
2024/11/28 14:14:44.631934478,0.0,0.0,0.0,0.0,0.0,-5.293955920339377e-23,0.0
2024/11/28 14:14:44.640500453,0.0,0.0,0.0,0.0,0.0,5.293955920339377e-23,0.0
2024/11/28 14:14:44.650723303,0.0,0.0,0.0,0.0,0.0,1.0587911840678754e-22,0.0
2024/11/28 14:14:44.660749276,0.0,0.0,0.0,0.0,0.0,-2.117582368135751e-22,0.0
2024/11/28 14:14:44.670581760,0.0,0.0,0.0,0.0,0.0,1.0587911840678754e-22,0.0
2024/11/28 14:14:44.683033256,0.0,0.0,0.0,0.0,0.0,0.0,0.0
2024/11/28 14:14:44.690286980,0.0,0.0,0.0,0.0,0.0,-1.0587911840678754e-22,0.0
2024/11/28 14:14:44.700578666,0.0,0.0,0.0,0.0,0.0,5.293955920339377e-23,0.0
2024/11/28 14:14:44.710800428,0.0,0.0,0.0,0.0,0.0,-1.0587911840678754e-22,0.0
2024/11/28 14:14:44.720350961,0.0,0.0,0.0,0.0,0.0,0.0,0.0
2024/11/28 14:14:44.731015967,0.0,0.0,0.0,0.0,0.0,0.0,0.0
2024/11/28 14:14:44.741137736,0.0,0.0,0.0,0.0,0.0,5.293955920339377e-23,0.0
2024/11/28 14:14:44.751142149,0.0,0.0,0.0,0.0,0.0,-5.293955920339377e-23,0.0
2024/11/28 14:14:44.761951106,0.0,0.0,0.0,0.0,0.0,0.0,0.0
2024/11/28 14:14:44.770562372,0.0,0.0,0.0,0.0,0.0,0.0,0.0
2024/11/28 14:14:44.782008724,0.0,0.0,0.0,0.0,0.0,5.293955920339377e-23,0.0
2024/11/28 14:14:44.791058431,0.0,0.0,0.0,0.0,0.0,2.117582368135751e-22,0.0
2024/11/28 14:14:44.801243031,0.0,0.0,0.0,0.0,0.0,-1.0587911840678754e-22,0.0
2024/11/28 14:14:44.810460903,0.0,0.0,0.0,0.0,0.0,5.293955920339377e-23,0.0
2024/11/28 14:14:44.820867898,0.0,0.0,0.0,0.0,0.0,-1.0587911840678754e-22,0.0
2024/11/28 14:14:44.831320242,0.0,0.0,0.0,0.0,0.0,5.293955920339377e-23,0.0
2024/11/28 14:14:44.840613885,0.0,0.0,0.0,0.0,0.0,-3.1763735522036263e-22,0.0
2024/11/28 14:14:44.850561829,0.0,0.0,0.0,0.0,0.0,3.1763735522036263e-22,0.0
2024/11/28 14:14:44.860634981,0.0,0.0,0.0,0.0,0.0,1.0587911840678754e-22,0.0
2024/11/28 14:14:44.870828038,0.0,0.0,0.0,0.0,0.0,-4.235164736271502e-22,0.0
2024/11/28 14:14:44.883990300,0.0,0.0,0.0,0.0,0.0,-5.293955920339377e-23,0.0
2024/11/28 14:14:44.890409412,0.0,0.0,0.0,0.0,0.0,-1.0587911840678754e-22,0.0
2024/11/28 14:14:44.900648978,0.0,0.0,0.0,0.0,0.0,3.1763735522036263e-22,0.0
2024/11/28 14:14:44.910756225,0.0,0.0,0.0,0.0,0.0,2.6469779601696886e-22,0.0
2024/11/28 14:14:44.921372414,0.0,0.0,0.0,0.0,0.0,-2.117582368135751e-22,0.0
2024/11/28 14:14:44.930719209,0.0,0.0,0.0,0.0,0.0,3.705769144237564e-22,0.0
2024/11/28 14:14:44.940174939,0.0,0.0,0.0,0.0,0.0,-5.293955920339377e-23,0.0
2024/11/28 14:14:44.955354623,0.0,0.0,0.0,0.0,0.0,-1.0587911840678754e-22,0.0
2024/11/28 14:14:44.960993223,0.0,0.0,0.0,0.0,0.0,0.0,0.0
2024/11/28 14:14:44.970436938,0.0,0.0,0.0,0.0,0.0,0.0,0.0
2024/11/28 14:14:44.986728987,0.0,0.0,0.0,0.0,0.0,2.117582368135751e-22,0.0
2024/11/28 14:14:44.992110676,0.0,0.0,0.0,0.0,0.0,-5.293955920339377e-23,0.0
2024/11/28 14:14:45.645052,0.0,0.0,0.0,0.0,0.0,-1.0587911840678754e-22,0.0
2024/11/28 14:14:45.10405523,0.0,0.0,0.0,0.0,0.0,-2.6469779601696886e-22,0.0
2024/11/28 14:14:45.21976536,0.0,0.0,0.0,0.0,0.0,1.0587911840678754e-22,0.0
2024/11/28 14:14:45.31116387,0.0,0.0,0.0,0.0,0.0,-5.293955920339377e-23,0.0
2024/11/28 14:14:45.40330408,0.0,0.0,0.0,0.0,0.0,5.293955920339377e-23,0.0
2024/11/28 14:14:45.52354381,0.0,0.0,0.0,0.0,0.0,5.293955920339377e-23,0.0
2024/11/28 14:14:45.61077987,0.0,0.0,0.0,0.0,0.0,0.0,0.0
2024/11/28 14:14:45.70607648,0.0,0.0,0.0,0.0,0.0,5.293955920339377e-23,0.0
2024/11/28 14:14:45.84090133,0.0,0.0,0.0,0.0,0.0,-1.0587911840678754e-22,0.0
2024/11/28 14:14:45.90358055,0.0,0.0,0.0,0.0,0.0,-5.293955920339377e-23,0.0
2024/11/28 14:14:45.100959908,0.0,0.0,0.0,0.0,0.0,1.0587911840678754e-22,0.0
2024/11/28 14:14:45.110815161,0.0,0.0,0.0,0.0,0.0,0.0,0.0
2024/11/28 14:14:45.120513041,0.0,0.0,0.0,0.0,0.0,-2.6469779601696886e-22,0.0
2024/11/28 14:14:45.131089098,0.0,0.0,0.0,0.0,0.0,1.0587911840678754e-22,0.0
2024/11/28 14:14:45.141805390,0.0,0.0,0.0,0.0,0.0,1.0587911840678754e-22,0.0
2024/11/28 14:14:45.150931185,0.0,0.0,0.0,0.0,0.0,-5.293955920339377e-23,0.0
2024/11/28 14:14:45.160992417,0.0,0.0,0.0,0.0,0.0,1.5881867761018131e-22,0.0
2024/11/28 14:14:45.170649071,0.0,0.0,0.0,0.0,0.0,-5.293955920339377e-23,0.0
2024/11/28 14:14:45.181013924,0.0,0.0,0.0,0.0,0.0,-1.5881867761018131e-22,0.0
2024/11/28 14:14:45.190395880,0.0,0.0,0.0,0.0,0.0,3.705769144237564e-22,0.0
2024/11/28 14:14:45.200592266,0.0,0.0,0.0,0.0,0.0,-1.5881867761018131e-22,0.0
2024/11/28 14:14:45.210779981,0.0,0.0,0.0,0.0,0.0,4.764560328305439e-22,0.0
2024/11/28 14:14:45.220824414,0.0,0.0,0.0,0.0,0.0,-1.5881867761018131e-22,0.0
2024/11/28 14:14:45.230963639,0.0,0.0,0.0,0.0,0.0,-2.6469779601696886e-22,0.0
2024/11/28 14:14:45.240812119,0.0,0.0,0.0,0.0,0.0,-2.6469779601696886e-22,0.0
2024/11/28 14:14:45.250695021,0.0,0.0,0.0,0.0,0.0,2.117582368135751e-22,0.0
2024/11/28 14:14:45.260566122,0.0,0.0,0.0,0.0,0.0,5.293955920339377e-23,0.0
2024/11/28 14:14:45.270541686,0.0,0.0,0.0,0.0,0.0,1.5881867761018131e-22,0.0
2024/11/28 14:14:45.281600991,0.0,0.0,0.0,0.0,0.0,-5.293955920339377e-23,0.0
2024/11/28 14:14:45.290639199,0.0,0.0,0.0,0.0,0.0,-2.117582368135751e-22,0.0
2024/11/28 14:14:45.301352776,0.0,0.0,0.0,0.0,0.0,3.1763735522036263e-22,0.0
2024/11/28 14:14:45.310982658,0.0,0.0,0.0,0.0,0.0,-1.0587911840678754e-22,0.0
2024/11/28 14:14:45.320775001,0.0,0.0,0.0,0.0,0.0,1.5881867761018131e-22,0.0
2024/11/28 14:14:45.332543249,0.0,0.0,0.0,0.0,0.0,-1.5881867761018131e-22,0.0
2024/11/28 14:14:45.340560483,0.0,0.0,0.0,0.0,0.0,-2.6469779601696886e-22,0.0
2024/11/28 14:14:45.350487239,0.0,0.0,0.0,0.0,0.0,-5.293955920339377e-23,0.0
2024/11/28 14:14:45.360428648,0.0,0.0,0.0,0.0,0.0,1.5881867761018131e-22,0.0
2024/11/28 14:14:45.371141789,0.0,0.0,0.0,0.0,0.0,3.705769144237564e-22,0.0
2024/11/28 14:14:45.383514020,0.0,0.0,0.0,0.0,0.0,-5.293955920339377e-23,0.0
2024/11/28 14:14:45.390543861,0.0,0.0,0.0,0.0,0.0,0.0,0.0
2024/11/28 14:14:45.403239420,0.0,0.0,0.0,0.0,0.0,-3.1763735522036263e-22,0.0
2024/11/28 14:14:45.410905283,0.0,0.0,0.0,0.0,0.0,-1.5881867761018131e-22,0.0
2024/11/28 14:14:45.422191631,0.0,0.0,0.0,0.0,0.0,5.293955920339377e-23,0.0
2024/11/28 14:14:45.430589396,0.0,0.0,0.0,0.0,0.0,1.0587911840678754e-22,0.0
2024/11/28 14:14:45.441225596,0.0,0.0,0.0,0.0,0.0,1.5881867761018131e-22,0.0
2024/11/28 14:14:45.452321382,0.0,0.0,0.0,0.0,0.0,-2.117582368135751e-22,0.0
2024/11/28 14:14:45.463058317,0.0,0.0,0.0,0.0,0.0,4.764560328305439e-22,0.0
2024/11/28 14:14:45.471273846,0.0,0.0,0.0,0.0,0.0,-2.117582368135751e-22,0.0
2024/11/28 14:14:45.480315856,0.0,0.0,0.0,0.0,0.0,5.293955920339377e-23,0.0
2024/11/28 14:14:45.490083972,0.0,0.0,0.0,0.0,0.0,-2.117582368135751e-22,0.0
2024/11/28 14:14:45.504334214,0.0,0.0,0.0,0.0,0.0,0.0,0.0
2024/11/28 14:14:45.510539621,0.0,0.0,0.0,0.0,0.0,-2.117582368135751e-22,0.0
2024/11/28 14:14:45.520508091,0.0,0.0,0.0,0.0,0.0,1.0587911840678754e-22,0.0
2024/11/28 14:14:45.531396446,0.0,0.0,0.0,0.0,0.0,5.293955920339377e-23,0.0
2024/11/28 14:14:45.541070450,0.0,0.0,0.0,0.0,0.0,-5.293955920339377e-23,0.0
2024/11/28 14:14:45.551339381,0.0,0.0,0.0,0.0,0.0,5.293955920339377e-23,0.0
2024/11/28 14:14:45.561279106,0.0,0.0,0.0,0.0,0.0,-5.293955920339377e-23,0.0
2024/11/28 14:14:45.571032444,0.0,0.0,0.0,0.0,0.0,3.705769144237564e-22,0.0
2024/11/28 14:14:45.581002710,0.0,0.0,0.0,0.0,0.0,1.0587911840678754e-22,0.0
2024/11/28 14:14:45.590791842,0.0,0.0,0.0,0.0,0.0,1.0587911840678754e-22,0.0
2024/11/28 14:14:45.600681019,0.0,0.0,0.0,0.0,0.0,-2.117582368135751e-22,0.0
2024/11/28 14:14:45.610920682,0.0,0.0,0.0,0.0,0.0,1.0587911840678754e-22,0.0
2024/11/28 14:14:45.620774641,0.0,0.0,0.0,0.0,0.0,-2.117582368135751e-22,0.0
2024/11/28 14:14:45.632538135,0.0,0.0,0.0,0.0,0.0,-5.293955920339377e-22,0.0
2024/11/28 14:14:45.640634916,0.0,0.0,0.0,0.0,0.0,1.5881867761018131e-22,0.0
2024/11/28 14:14:45.650704112,0.0,0.0,0.0,0.0,0.0,3.705769144237564e-22,0.0
2024/11/28 14:14:45.662927870,0.0,0.0,0.0,0.0,0.0,-1.0587911840678754e-22,0.0
2024/11/28 14:14:45.670642735,0.0,0.0,0.0,0.0,0.0,0.0,0.0
2024/11/28 14:14:45.681067204,0.0,0.0,0.0,0.0,0.0,-5.293955920339377e-23,0.0
2024/11/28 14:14:45.691366896,0.0,0.0,0.0,0.0,0.0,-1.0587911840678754e-22,0.0
2024/11/28 14:14:45.701677644,0.0,0.0,0.0,0.0,0.0,5.293955920339377e-23,0.0
2024/11/28 14:14:45.710969939,0.0,0.0,0.0,0.0,0.0,-5.293955920339377e-23,0.0
2024/11/28 14:14:45.721079845,0.0,0.0,0.0,0.0,0.0,2.117582368135751e-22,0.0
2024/11/28 14:14:45.731346029,0.0,0.0,0.0,0.0,0.0,1.0587911840678754e-22,0.0
2024/11/28 14:14:45.740581516,0.0,0.0,0.0,0.0,0.0,5.293955920339377e-23,0.0
2024/11/28 14:14:45.750936035,0.0,0.0,0.0,0.0,0.0,-1.0587911840678754e-22,0.0
2024/11/28 14:14:45.760686833,0.0,0.0,0.0,0.0,0.0,2.117582368135751e-22,0.0
2024/11/28 14:14:45.770878928,0.0,0.0,0.0,0.0,0.0,-2.117582368135751e-22,0.0
2024/11/28 14:14:45.781335696,0.0,0.0,0.0,0.0,0.0,-5.293955920339377e-23,0.0
2024/11/28 14:14:45.790498179,0.0,0.0,0.0,0.0,0.0,-1.5881867761018131e-22,0.0
2024/11/28 14:14:45.801084672,0.0,0.0,0.0,0.0,0.0,0.0,0.0
2024/11/28 14:14:45.810191468,0.0,0.0,0.0,0.0,0.0,4.235164736271502e-22,0.0
2024/11/28 14:14:45.820769145,0.0,0.0,0.0,0.0,0.0,0.0,0.0
2024/11/28 14:14:45.832233191,0.0,0.0,0.0,0.0,0.0,-2.117582368135751e-22,0.0
2024/11/28 14:14:45.840278394,0.0,0.0,0.0,0.0,0.0,-5.293955920339377e-23,0.0
2024/11/28 14:14:45.851092038,0.0,0.0,0.0,0.0,0.0,-1.0587911840678754e-22,0.0
2024/11/28 14:14:45.860522848,0.0,0.0,0.0,0.0,0.0,-2.117582368135751e-22,0.0
2024/11/28 14:14:45.871023044,0.0,0.0,0.0,0.0,0.0,2.6469779601696886e-22,0.0
2024/11/28 14:14:45.881365522,0.0,0.0,0.0,0.0,0.0,-5.293955920339377e-23,0.0
2024/11/28 14:14:45.890732718,0.0,0.0,0.0,0.0,0.0,2.6469779601696886e-22,0.0
2024/11/28 14:14:45.900641045,0.0,0.0,0.0,0.0,0.0,-5.293955920339377e-23,0.0
2024/11/28 14:14:45.911373536,0.0,0.0,0.0,0.0,0.0,-5.293955920339377e-23,0.0
2024/11/28 14:14:45.920865290,0.0,0.0,0.0,0.0,0.0,2.6469779601696886e-22,0.0
2024/11/28 14:14:45.931140945,0.0,0.0,0.0,0.0,0.0,-1.0587911840678754e-22,0.0
2024/11/28 14:14:45.940634396,0.0,0.0,0.0,0.0,0.0,0.0,0.0
2024/11/28 14:14:45.950497380,0.0,0.0,0.0,0.0,0.0,-2.6469779601696886e-22,0.0
2024/11/28 14:14:45.960934546,0.0,0.0,0.0,0.0,0.0,0.0,0.0
2024/11/28 14:14:45.970955977,0.0,0.0,0.0,0.0,0.0,-1.5881867761018131e-22,0.0
2024/11/28 14:14:45.981111760,0.0,0.0,0.0,0.0,0.0,1.5881867761018131e-22,0.0
2024/11/28 14:14:45.990422540,0.0,0.0,0.0,0.0,0.0,-5.293955920339377e-23,0.0
2024/11/28 14:14:46.2894896,0.0,0.0,0.0,0.0,0.0,0.0,0.0
2024/11/28 14:14:46.10806284,0.0,0.0,0.0,0.0,0.0,-5.293955920339377e-23,0.0
2024/11/28 14:14:46.20736235,0.0,0.0,0.0,0.0,0.0,0.0,0.0
2024/11/28 14:14:46.31340531,0.0,0.0,0.0,0.0,0.0,3.1763735522036263e-22,0.0
2024/11/28 14:14:46.41034514,0.0,0.0,0.0,0.0,0.0,1.0587911840678754e-22,0.0
2024/11/28 14:14:46.50924286,0.0,0.0,0.0,0.0,0.0,1.0587911840678754e-22,0.0
2024/11/28 14:14:46.61513245,0.0,0.0,0.0,0.0,0.0,-4.235164736271502e-22,0.0
2024/11/28 14:14:46.70838588,0.0,0.0,0.0,0.0,0.0,5.293955920339377e-23,0.0
2024/11/28 14:14:46.81090808,0.0,0.0,0.0,0.0,0.0,1.0587911840678754e-22,0.0
2024/11/28 14:14:46.90530044,0.0,0.0,0.0,0.0,0.0,2.117582368135751e-22,0.0
2024/11/28 14:14:46.100987517,0.0,0.0,0.0,0.0,0.0,0.0,0.0
2024/11/28 14:14:46.110669725,0.0,0.0,0.0,0.0,0.0,-2.117582368135751e-22,0.0
2024/11/28 14:14:46.120427636,0.0,0.0,0.0,0.0,0.0,-1.5881867761018131e-22,0.0
2024/11/28 14:14:46.130805062,0.0,0.0,0.0,0.0,0.0,2.117582368135751e-22,0.0
2024/11/28 14:14:46.140687346,0.0,0.0,0.0,0.0,0.0,-1.5881867761018131e-22,0.0
2024/11/28 14:14:46.150462572,0.0,0.0,0.0,0.0,0.0,5.293955920339377e-23,0.0
2024/11/28 14:14:46.160343940,0.0,0.0,0.0,0.0,0.0,5.293955920339377e-23,0.0
2024/11/28 14:14:46.170821811,0.0,0.0,0.0,0.0,0.0,-5.293955920339377e-23,0.0
2024/11/28 14:14:46.183762726,0.0,0.0,0.0,0.0,0.0,-2.117582368135751e-22,0.0
2024/11/28 14:14:46.190654998,0.0,0.0,0.0,0.0,0.0,2.117582368135751e-22,0.0
2024/11/28 14:14:46.202148155,0.0,0.0,0.0,0.0,0.0,-2.117582368135751e-22,0.0
2024/11/28 14:14:46.211212479,0.0,0.0,0.0,0.0,0.0,0.0,0.0
2024/11/28 14:14:46.220670673,0.0,0.0,0.0,0.0,0.0,5.293955920339377e-23,0.0
2024/11/28 14:14:46.234249630,0.0,0.0,0.0,0.0,0.0,5.293955920339377e-23,0.0
2024/11/28 14:14:46.240919505,0.0,0.0,0.0,0.0,0.0,0.0,0.0
2024/11/28 14:14:46.251232746,0.0,0.0,0.0,0.0,0.0,2.6469779601696886e-22,0.0
2024/11/28 14:14:46.261129424,0.0,0.0,0.0,0.0,0.0,-2.6469779601696886e-22,0.0
2024/11/28 14:14:46.270928838,0.0,0.0,0.0,0.0,0.0,1.0587911840678754e-22,0.0
2024/11/28 14:14:46.280434424,0.0,0.0,0.0,0.0,0.0,2.117582368135751e-22,0.0
2024/11/28 14:14:46.290281063,0.0,0.0,0.0,0.0,0.0,1.0587911840678754e-22,0.0
2024/11/28 14:14:46.303254598,0.0,0.0,0.0,0.0,0.0,-3.1763735522036263e-22,0.0
2024/11/28 14:14:46.312018222,0.0,0.0,0.0,0.0,0.0,1.0587911840678754e-22,0.0
2024/11/28 14:14:46.320292821,0.0,0.0,0.0,0.0,0.0,-1.0587911840678754e-22,0.0
2024/11/28 14:14:46.331120618,0.0,0.0,0.0,0.0,0.0,0.0,0.0
2024/11/28 14:14:46.340293472,0.0,0.0,0.0,0.0,0.0,0.0,0.0
2024/11/28 14:14:46.350797041,0.0,0.0,0.0,0.0,0.0,-3.1763735522036263e-22,0.0
2024/11/28 14:14:46.360966647,0.0,0.0,0.0,0.0,0.0,3.705769144237564e-22,0.0
2024/11/28 14:14:46.371916187,0.0,0.0,0.0,0.0,0.0,0.0,0.0
2024/11/28 14:14:46.382166306,0.0,0.0,0.0,0.0,0.0,-1.5881867761018131e-22,0.0
2024/11/28 14:14:46.390937244,0.0,0.0,0.0,0.0,0.0,3.705769144237564e-22,0.0
2024/11/28 14:14:46.400878079,0.0,0.0,0.0,0.0,0.0,-2.6469779601696886e-22,0.0
2024/11/28 14:14:46.411083417,0.0,0.0,0.0,0.0,0.0,1.0587911840678754e-22,0.0
2024/11/28 14:14:46.420728669,0.0,0.0,0.0,0.0,0.0,-2.117582368135751e-22,0.0
2024/11/28 14:14:46.430784983,0.0,0.0,0.0,0.0,0.0,0.0,0.0
2024/11/28 14:14:46.440399087,0.0,0.0,0.0,0.0,0.0,-5.293955920339377e-23,0.0
2024/11/28 14:14:46.450822513,0.0,0.0,0.0,0.0,0.0,-5.293955920339377e-23,0.0
2024/11/28 14:14:46.462798493,0.0,0.0,0.0,0.0,0.0,1.5881867761018131e-22,0.0
2024/11/28 14:14:46.470669473,0.0,0.0,0.0,0.0,0.0,1.0587911840678754e-22,0.0
2024/11/28 14:14:46.480267277,0.0,0.0,0.0,0.0,0.0,0.0,0.0
2024/11/28 14:14:46.490512647,0.0,0.0,0.0,0.0,0.0,-1.0587911840678754e-22,0.0
2024/11/28 14:14:46.501482175,0.0,0.0,0.0,0.0,0.0,2.6469779601696886e-22,0.0
2024/11/28 14:14:46.511245961,0.0,0.0,0.0,0.0,0.0,-1.0587911840678754e-22,0.0
2024/11/28 14:14:46.520550079,0.0,0.0,0.0,0.0,0.0,0.0,0.0
2024/11/28 14:14:46.531971224,0.0,0.0,0.0,0.0,0.0,-5.293955920339377e-23,0.0
2024/11/28 14:14:46.540456940,0.0,0.0,0.0,0.0,0.0,-1.5881867761018131e-22,0.0
2024/11/28 14:14:46.551610328,0.0,0.0,0.0,0.0,0.0,-1.0587911840678754e-22,0.0
2024/11/28 14:14:46.561320749,0.0,0.0,0.0,0.0,0.0,1.5881867761018131e-22,0.0
2024/11/28 14:14:46.570543858,0.0,0.0,0.0,0.0,0.0,5.293955920339377e-23,0.0
2024/11/28 14:14:46.581869741,0.0,0.0,0.0,0.0,0.0,0.0,0.0
2024/11/28 14:14:46.590721189,0.0,0.0,0.0,0.0,0.0,0.0,0.0
2024/11/28 14:14:46.600969908,0.0,0.0,0.0,0.0,0.0,0.0,0.0
2024/11/28 14:14:46.611265358,0.0,0.0,0.0,0.0,0.0,0.0,0.0
2024/11/28 14:14:46.622364492,0.0,0.0,0.0,0.0,0.0,0.0,0.0
2024/11/28 14:14:46.630559321,0.0,0.0,0.0,0.0,0.0,-1.0587911840678754e-22,0.0
2024/11/28 14:14:46.641576034,0.0,0.0,0.0,0.0,0.0,2.117582368135751e-22,0.0
2024/11/28 14:14:46.652320666,0.0,0.0,0.0,0.0,0.0,-2.6469779601696886e-22,0.0
2024/11/28 14:14:46.661604379,0.0,0.0,0.0,0.0,0.0,2.117582368135751e-22,0.0
2024/11/28 14:14:46.670510157,0.0,0.0,0.0,0.0,0.0,-5.293955920339377e-23,0.0
2024/11/28 14:14:46.680976865,0.0,0.0,0.0,0.0,0.0,1.0587911840678754e-22,0.0
2024/11/28 14:14:46.690895853,0.0,0.0,0.0,0.0,0.0,-5.293955920339377e-23,0.0
2024/11/28 14:14:46.700440825,0.0,0.0,0.0,0.0,0.0,-1.5881867761018131e-22,0.0
2024/11/28 14:14:46.710662646,0.0,0.0,0.0,0.0,0.0,0.0,0.0
2024/11/28 14:14:46.720482835,0.0,0.0,0.0,0.0,0.0,-1.0587911840678754e-22,0.0
2024/11/28 14:14:46.733511145,0.0,0.0,0.0,0.0,0.0,3.1763735522036263e-22,0.0
2024/11/28 14:14:46.740889392,0.0,0.0,0.0,0.0,0.0,-2.117582368135751e-22,0.0
2024/11/28 14:14:46.750832763,0.0,0.0,0.0,0.0,0.0,0.0,0.0
2024/11/28 14:14:46.761732846,0.0,0.0,0.0,0.0,0.0,-5.293955920339377e-23,0.0
2024/11/28 14:14:46.770983989,0.0,0.0,0.0,0.0,0.0,0.0,0.0
2024/11/28 14:14:46.780955379,0.0,0.0,0.0,0.0,0.0,1.0587911840678754e-22,0.0
2024/11/28 14:14:46.791027239,0.0,0.0,0.0,0.0,0.0,4.235164736271502e-22,0.0
2024/11/28 14:14:46.801808883,0.0,0.0,0.0,0.0,0.0,-1.0587911840678754e-22,0.0
2024/11/28 14:14:46.810970879,0.0,0.0,0.0,0.0,0.0,-1.0587911840678754e-22,0.0
2024/11/28 14:14:46.820350182,0.0,0.0,0.0,0.0,0.0,1.0587911840678754e-22,0.0
2024/11/28 14:14:46.830910198,0.0,0.0,0.0,0.0,0.0,-4.764560328305439e-22,0.0
2024/11/28 14:14:46.840406340,0.0,0.0,0.0,0.0,0.0,1.0587911840678754e-22,0.0
2024/11/28 14:14:46.850641087,0.0,0.0,0.0,0.0,0.0,1.0587911840678754e-22,0.0
2024/11/28 14:14:46.860497897,0.0,0.0,0.0,0.0,0.0,5.293955920339377e-23,0.0
2024/11/28 14:14:46.870830969,0.0,0.0,0.0,0.0,0.0,-1.5881867761018131e-22,0.0
2024/11/28 14:14:46.880932474,0.0,0.0,0.0,0.0,0.0,5.293955920339377e-23,0.0
2024/11/28 14:14:46.890750461,0.0,0.0,0.0,0.0,0.0,1.0587911840678754e-22,0.0
2024/11/28 14:14:46.900973109,0.0,0.0,0.0,0.0,0.0,3.1763735522036263e-22,0.0
2024/11/28 14:14:46.910741133,0.0,0.0,0.0,0.0,0.0,-1.5881867761018131e-22,0.0
2024/11/28 14:14:46.920442120,0.0,0.0,0.0,0.0,0.0,-3.1763735522036263e-22,0.0
2024/11/28 14:14:46.932370267,0.0,0.0,0.0,0.0,0.0,-3.705769144237564e-22,0.0
2024/11/28 14:14:46.940610664,0.0,0.0,0.0,0.0,0.0,3.1763735522036263e-22,0.0
2024/11/28 14:14:46.950484549,0.0,0.0,0.0,0.0,0.0,1.5881867761018131e-22,0.0
2024/11/28 14:14:46.960581390,0.0,0.0,0.0,0.0,0.0,1.0587911840678754e-22,0.0
2024/11/28 14:14:46.970689563,0.0,0.0,0.0,0.0,0.0,-2.117582368135751e-22,0.0
2024/11/28 14:14:46.981513973,0.0,0.0,0.0,0.0,0.0,1.0587911840678754e-22,0.0
2024/11/28 14:14:46.990441531,0.0,0.0,0.0,0.0,0.0,-1.0587911840678754e-22,0.0
2024/11/28 14:14:47.940860,0.0,0.0,0.0,0.0,0.0,-1.0587911840678754e-22,0.0
2024/11/28 14:14:47.10460731,0.0,0.0,0.0,0.0,0.0,1.5881867761018131e-22,0.0
2024/11/28 14:14:47.20460424,0.0,0.0,0.0,0.0,0.0,1.5881867761018131e-22,0.0
2024/11/28 14:14:47.32935655,0.0,0.0,0.0,0.0,0.0,-2.117582368135751e-22,0.0
2024/11/28 14:14:47.40489994,0.0,0.0,0.0,0.0,0.0,-1.0587911840678754e-22,0.0
2024/11/28 14:14:47.50648212,0.0,0.0,0.0,0.0,0.0,0.0,0.0
2024/11/28 14:14:47.60801645,0.0,0.0,0.0,0.0,0.0,-5.293955920339377e-23,0.0
2024/11/28 14:14:47.70669091,0.0,0.0,0.0,0.0,0.0,3.1763735522036263e-22,0.0
2024/11/28 14:14:47.80545874,0.0,0.0,0.0,0.0,0.0,-1.5881867761018131e-22,0.0
2024/11/28 14:14:47.90858324,0.0,0.0,0.0,0.0,0.0,5.293955920339377e-22,0.0
2024/11/28 14:14:47.102723504,0.0,0.0,0.0,0.0,0.0,-3.705769144237564e-22,0.0
2024/11/28 14:14:47.111472956,0.0,0.0,0.0,0.0,0.0,-2.6469779601696886e-22,0.0
2024/11/28 14:14:47.120828287,0.0,0.0,0.0,0.0,0.0,-1.0587911840678754e-22,0.0
2024/11/28 14:14:47.131065820,0.0,0.0,0.0,0.0,0.0,1.0587911840678754e-22,0.0
2024/11/28 14:14:47.140587007,0.0,0.0,0.0,0.0,0.0,1.5881867761018131e-22,0.0
2024/11/28 14:14:47.150464209,0.0,0.0,0.0,0.0,0.0,0.0,0.0
2024/11/28 14:14:47.161056679,0.0,0.0,0.0,0.0,0.0,3.705769144237564e-22,0.0
2024/11/28 14:14:47.170580027,0.0,0.0,0.0,0.0,0.0,-2.6469779601696886e-22,0.0
2024/11/28 14:14:47.181110546,0.0,0.0,0.0,0.0,0.0,-2.117582368135751e-22,0.0
2024/11/28 14:14:47.190760706,0.0,0.0,0.0,0.0,0.0,2.117582368135751e-22,0.0
2024/11/28 14:14:47.200609601,0.0,0.0,0.0,0.0,0.0,2.117582368135751e-22,0.0
2024/11/28 14:14:47.210561100,0.0,0.0,0.0,0.0,0.0,0.0,0.0
2024/11/28 14:14:47.220578240,0.0,0.0,0.0,0.0,0.0,-6.352747104407253e-22,0.0
2024/11/28 14:14:47.231165742,0.0,0.0,0.0,0.0,0.0,2.6469779601696886e-22,0.0
2024/11/28 14:14:47.241166799,0.0,0.0,0.0,0.0,0.0,1.0587911840678754e-22,0.0
2024/11/28 14:14:47.255700996,0.0,0.0,0.0,0.0,0.0,-2.117582368135751e-22,0.0
2024/11/28 14:14:47.260983048,0.0,0.0,0.0,0.0,0.0,2.117582368135751e-22,0.0
2024/11/28 14:14:47.270762272,0.0,0.0,0.0,0.0,0.0,-1.5881867761018131e-22,0.0
2024/11/28 14:14:47.285727480,0.0,0.0,0.0,0.0,0.0,3.705769144237564e-22,0.0
2024/11/28 14:14:47.291569660,0.0,0.0,0.0,0.0,0.0,-2.117582368135751e-22,0.0
2024/11/28 14:14:47.300493915,0.0,0.0,0.0,0.0,0.0,-5.293955920339377e-23,0.0
2024/11/28 14:14:47.313080204,0.0,0.0,0.0,0.0,0.0,-1.5881867761018131e-22,0.0
2024/11/28 14:14:47.320961977,0.0,0.0,0.0,0.0,0.0,-5.293955920339377e-23,0.0
2024/11/28 14:14:47.330937165,0.0,0.0,0.0,0.0,0.0,3.705769144237564e-22,0.0
2024/11/28 14:14:47.340979970,0.0,0.0,0.0,0.0,0.0,0.0,0.0
2024/11/28 14:14:47.350946807,0.0,0.0,0.0,0.0,0.0,1.0587911840678754e-22,0.0
2024/11/28 14:14:47.360568479,0.0,0.0,0.0,0.0,0.0,-1.5881867761018131e-22,0.0
2024/11/28 14:14:47.370701882,0.0,0.0,0.0,0.0,0.0,5.293955920339377e-23,0.0
2024/11/28 14:14:47.384468416,0.0,0.0,0.0,0.0,0.0,-5.293955920339377e-23,0.0
2024/11/28 14:14:47.390439453,0.0,0.0,0.0,0.0,0.0,-2.117582368135751e-22,0.0
2024/11/28 14:14:47.400597936,0.0,0.0,0.0,0.0,0.0,1.0587911840678754e-22,0.0
2024/11/28 14:14:47.411035652,0.0,0.0,0.0,0.0,0.0,0.0,0.0
2024/11/28 14:14:47.420494146,0.0,0.0,0.0,0.0,0.0,5.293955920339377e-23,0.0
2024/11/28 14:14:47.431576968,0.0,0.0,0.0,0.0,0.0,1.5881867761018131e-22,0.0
2024/11/28 14:14:47.440303926,0.0,0.0,0.0,0.0,0.0,0.0,0.0
2024/11/28 14:14:47.450560915,0.0,0.0,0.0,0.0,0.0,-3.705769144237564e-22,0.0
2024/11/28 14:14:47.460592471,0.0,0.0,0.0,0.0,0.0,-1.0587911840678754e-22,0.0
2024/11/28 14:14:47.470515706,0.0,0.0,0.0,0.0,0.0,2.117582368135751e-22,0.0
2024/11/28 14:14:47.481960991,0.0,0.0,0.0,0.0,0.0,1.0587911840678754e-22,0.0
2024/11/28 14:14:47.491005486,0.0,0.0,0.0,0.0,0.0,-2.117582368135751e-22,0.0
2024/11/28 14:14:47.501290390,0.0,0.0,0.0,0.0,0.0,3.1763735522036263e-22,0.0
2024/11/28 14:14:47.512117800,0.0,0.0,0.0,0.0,0.0,-1.0587911840678754e-22,0.0
2024/11/28 14:14:47.520612139,0.0,0.0,0.0,0.0,0.0,1.0587911840678754e-22,0.0
2024/11/28 14:14:47.530296567,0.0,0.0,0.0,0.0,0.0,-1.5881867761018131e-22,0.0
2024/11/28 14:14:47.540778177,0.0,0.0,0.0,0.0,0.0,2.117582368135751e-22,0.0
2024/11/28 14:14:47.550767383,0.0,0.0,0.0,0.0,0.0,-1.5881867761018131e-22,0.0
2024/11/28 14:14:47.562446162,0.0,0.0,0.0,0.0,0.0,5.293955920339377e-23,0.0
2024/11/28 14:14:47.570350293,0.0,0.0,0.0,0.0,0.0,-5.293955920339377e-23,0.0
2024/11/28 14:14:47.582198691,0.0,0.0,0.0,0.0,0.0,0.0,0.0
